{
  "$schema": "https://schema.management.azure.com/schemas/2019-04-01/deploymentTemplate.json#",
  "contentVersion": "1.0.0.0",
  "metadata": {
    "_generator": {
      "name": "bicep",
      "version": "0.18.4.5664",
      "templateHash": "17917149430891447206"
    }
  },
  "parameters": {
    "aksName": {
      "type": "string",
      "defaultValue": ""
    },
    "databaseHostname": {
      "type": "string",
      "defaultValue": ""
    },
    "keyVaultName": {
      "type": "string",
      "defaultValue": ""
    },
    "location": {
      "type": "string",
      "defaultValue": ""
    },
    "storageAccountName": {
      "type": "string",
      "defaultValue": ""
    },
    "userAssignedIdentityId": {
      "type": "string",
      "defaultValue": ""
    },
    "publicDnsZoneName": {
      "type": "string",
      "defaultValue": ""
    },
    "access": {
      "type": "string"
    },
    "tagsByResource": {
      "type": "object",
      "defaultValue": {}
    },
    "registryPassword": {
      "type": "securestring",
      "defaultValue": ""
    },
    "registryUsername": {
      "type": "securestring",
      "defaultValue": ""
    }
  },
  "variables": {
    "$fxv#0": "#!/usr/bin/env bash\n#\n# Deploy the AutomationController CustomResource with a certificate, Ingress, and database connection using extracted and input params.\nset -e\n\nAKS_NAME=${AKS_NAME:-''}\nCATALOG_NAMESPACE=${CATALOG_NAMESPACE:-'olm'}\nDATABASE_NAME=${DATABASE_NAME:-'awx'}\nDATABASE_HOST=${DATABASE_HOST:-''}\nDATABASE_PASSWORD=${DATABASE_PASSWORD:-''}\nDATABASE_USERNAME=${DATABASE_USERNAME:-''}\nOPERATORS_NAMESPACE=${OPERATORS_NAMESPACE:-'operators'}\nPROJECT_NAMESPACE=${PROJECT_NAMESPACE:-'ansible-automation-platform'}\nREDHAT_OPERATORS_SECRET=${REDHAT_OPERATORS_SECRET:-'redhat-operators-pull-secret'}\nREGISTRY_SERVER=${REGISTRY_SERVER:-'registry.redhat.io'}\nREGISTRY_PASSWORD=${REGISTRY_PASSWORD:-''}\nREGISTRY_USERNAME=${REGISTRY_USERNAME:-''}\nRESOURCE_GROUP=${RESOURCE_GROUP:-''}\nVAULT_NAME=${VAULT_NAME:-''}\nPUBLIC_DNS_ZONE_NAME=${PUBLIC_DNS_ZONE_NAME:-''}\nACCESS=${ACCESS:-''}\n\nif [[ -z \"${AKS_NAME}\" ]]; then\n    echo \"$0: Environment variable AKS_NAME must be specified\"\n    exit 1\nfi\n\nif [[ -z \"${DATABASE_HOST}\" ]]; then\n    echo \"$0: Environment variable DATABASE_HOST must be specified\"\n    exit 1\nfi\n\nif [[ -z \"${REGISTRY_PASSWORD}\" ]]; then\n    echo \"$0: Environment variable REGISTRY_PASSWORD must be specified\"\n    exit 1\nfi\n\nif [[ -z \"${REGISTRY_USERNAME}\" ]]; then\n    echo \"$0: Environment variable REGISTRY_USERNAME must be specified\"\n    exit 1\nfi\n\nif [[ -z \"${RESOURCE_GROUP}\" ]]; then\n    echo \"$0: Environment variable RESOURCE_GROUP must be specified\"\n    exit 1\nfi\n\nif [[ -z \"${VAULT_NAME}\" ]]; then\n    echo \"$0: Environment variable VAULT_NAME must be specified\"\n    exit 1\nfi\n\nif [[ -z \"${PUBLIC_DNS_ZONE_NAME}\" ]]; then\n    echo \"$0: Environment variable PUBLIC_DNS_ZONE_NAME must be specified\"\n    exit 1\nfi\n\nif [[ -z \"${ACCESS}\" ]]; then\n    echo \"$0: Environment variable ACCESS must be specified\"\n    exit 1\nfi\n\n#######################################\n# Execute a command against the private AKS cluster using command invoke.\n# Globals:\n#   RESOURCE_GROUP\n#   AKS_NAME\n# Arguments:\n#   1. CLI command to be executed against AKS cluster.\n#   2. Additional arguments to pass to the 'az aks command invoke'.\n# Outputs:\n#   Output of CMD executed via command invoke.\n#######################################\naz_aks_command() {\n  CMD=$1\n  CMDOPTS=$2\n  # shellcheck disable=SC2086\n  az aks command invoke --resource-group \"${RESOURCE_GROUP}\" --name \"${AKS_NAME}\" --command \"${CMD}\" ${CMDOPTS}\n}\n\nwait_for_command() {\n    CMD=$1\n    CMDOPTS=$2\n    TIMEOUT=600\n    until az_aks_command \"${CMD}\" \"${CMDOPTS}\" | grep exitcode=0 || test \"$TIMEOUT\" -le 0; do\n        (( TIMEOUT=TIMEOUT-10 )) && sleep 10\n    done\n    if [ \"$TIMEOUT\" -le 0 ]; then\n        echo \"ERROR: ${CMD}\"\n        exit 1\n    fi\n}\n\nget_secret() {\n    az keyvault secret show \\\n      --name \"${1}\" \\\n      --output tsv \\\n      --query value \\\n      --vault-name \"${VAULT_NAME}\"\n}\n\nFQDN=controller.${PUBLIC_DNS_ZONE_NAME}\nDATABASE_PASSWORD=$(get_secret psql-admin-pass)\nDATABASE_USERNAME=$(get_secret psql-admin-user)\nHTTP_PASSWORD=$(get_secret http-admin-pass)\n\ncat << EOF > automation-controller.yaml\n---\napiVersion: v1\nkind: Secret\nmetadata:\n  name: automation-controller-ee-pull-credentials\n  namespace: ${PROJECT_NAMESPACE}\nstringData:\n  password: '${REGISTRY_PASSWORD}'\n  url: '${REGISTRY_SERVER}'\n  username: '${REGISTRY_USERNAME}'\ntype: Opaque\n---\napiVersion: v1\nkind: Secret\nmetadata:\n  name: automation-controller-postgres-configuration\n  namespace: ${PROJECT_NAMESPACE}\nstringData:\n  database: '${DATABASE_NAME}'\n  host: '${DATABASE_HOST}'\n  password: '${DATABASE_PASSWORD}'\n  port: '5432'\n  sslmode: require\n  type: unmanaged\n  username: '${DATABASE_USERNAME}'\ntype: Opaque\n---\napiVersion: v1\nkind: Secret\nmetadata:\n  name: automation-controller-admin-password\n  namespace: ${PROJECT_NAMESPACE}\nstringData:\n  password: '${HTTP_PASSWORD}'\n---\napiVersion: automationcontroller.ansible.com/v1beta1\nkind: AutomationController\nmetadata:\n  name: automation-controller\n  namespace: ${PROJECT_NAMESPACE}\nspec:\n  extra_settings:\n    - setting: AWX_RUNNER_KEEPALIVE_SECONDS\n      value: 240\n  ee_images:\n    - name: ee-cloud-services\n      image: registry.redhat.io/ansible-automation-platform-23/ee-cloud-services-rhel8:latest\n    - name: ee-29-compatible\n      image: registry.redhat.io/ansible-automation-platform-23/ee-29-rhel8:latest\n    - name: ee-minimal\n      image: registry.redhat.io/ansible-automation-platform-23/ee-minimal-rhel8:latest\n    - name: ee-supported\n      image: registry.redhat.io/ansible-automation-platform-23/ee-supported-rhel8:latest\n  ee_pull_credentials_secret: automation-controller-ee-pull-credentials\n  ee_extra_env: |\n    - name: RECEPTOR_KUBE_SUPPORT_RECONNECT\n      value: enabled\n  image_pull_secrets:\n    - ${REDHAT_OPERATORS_SECRET}\n  ingress_type: none\n  security_context_settings:\n    runAsGroup: 0\n    runAsUser: 1000\nEOF\nCMD=\"kubectl apply -f automation-controller.yaml\"\nCMDOPTS=\"--file automation-controller.yaml\"\naz_aks_command \"${CMD}\" \"${CMDOPTS}\"\n\nCMD=\"kubectl rollout status -w deploy/automation-controller -n ${PROJECT_NAMESPACE}\"\nwait_for_command \"${CMD}\"\n\nif [[ \"${ACCESS,,}\" == \"public\" ]]; then\n  INGRESS_CLASS=\"azure-application-gateway\"\n  SSL_REDIRECT_ANNOTATION=\"appgw.ingress.kubernetes.io/ssl-redirect: \\\"true\\\"\"\nelse\n  INGRESS_CLASS=\"nginx\"\n  SSL_REDIRECT_ANNOTATION=\"nginx.ingress.kubernetes.io/ssl-redirect: \\\"true\\\"\n    nginx.ingress.kubernetes.io/force-ssl-redirect: \\\"true\\\"\n    nginx.org/client-max-body-size: \\\"2000m\\\"\"\nfi\n\ncat << EOF > automation-controller-ingress.yaml\napiVersion: networking.k8s.io/v1\nkind: Ingress\nmetadata:\n  name: automation-controller-ingress\n  namespace: ${PROJECT_NAMESPACE}\n  annotations:\n    ${SSL_REDIRECT_ANNOTATION}\n    nginx.org/websocket-services: \"automation-controller-service\"\nspec:\n  ingressClassName: ${INGRESS_CLASS}\n  tls:\n  - hosts:\n    - ${FQDN}\n    secretName: aap-tls\n  rules:\n  - host: ${FQDN}\n    http:\n      paths:\n      - path: /\n        pathType: Prefix\n        backend:\n          service:\n            name: automation-controller-service\n            port:\n              number: 80\nEOF\nCMD=\"kubectl apply -f automation-controller-ingress.yaml\"\nCMDOPTS=\"--file automation-controller-ingress.yaml\"\naz_aks_command \"${CMD}\" \"${CMDOPTS}\"\n\nURL=\"https://${FQDN}/\"\njq -n --arg arg \"$URL\" '{url: $arg}' > \"$AZ_SCRIPTS_OUTPUT_PATH\"\n",
    "$fxv#1": "#!/usr/bin/env bash\n#\n# Deploy and configure the Keycloak CustomResource and dependencies.\nset -e\n\nAKS_NAME=${AKS_NAME:-''}\nDATABASE_NAME=${DATABASE_NAME:-'keycloak'}\nDATABASE_HOST=${DATABASE_HOST:-''}\nDATABASE_PASSWORD=${DATABASE_PASSWORD:-''}\nDATABASE_USERNAME=${DATABASE_USERNAME:-''}\nKEYCLOAK_NAMESPACE=${KEYCLOAK_NAMESPACE:-'keycloak'}\nPROJECT_NAMESPACE=${PROJECT_NAMESPACE:-'ansible-automation-platform'}\nREDHAT_OPERATORS_SECRET=${REDHAT_OPERATORS_SECRET:-'redhat-operators-pull-secret'}\nRESOURCE_GROUP=${RESOURCE_GROUP:-''}\nVAULT_NAME=${VAULT_NAME:-''}\nPUBLIC_DNS_ZONE_NAME=${PUBLIC_DNS_ZONE_NAME:-''}\nACCESS=${ACCESS:-''}\n\nif [[ -z \"${AKS_NAME}\" ]]; then\n    echo \"$0: Environment variable AKS_NAME must be specified\"\n    exit 1\nfi\n\nif [[ -z \"${DATABASE_HOST}\" ]]; then\n    echo \"$0: Environment variable DATABASE_HOST must be specified\"\n    exit 1\nfi\n\nif [[ -z \"${RESOURCE_GROUP}\" ]]; then\n    echo \"$0: Environment variable RESOURCE_GROUP must be specified\"\n    exit 1\nfi\n\nif [[ -z \"${VAULT_NAME}\" ]]; then\n    echo \"$0: Environment variable VAULT_NAME must be specified\"\n    exit 1\nfi\n\nif [[ -z \"${PUBLIC_DNS_ZONE_NAME}\" ]]; then\n    echo \"$0: Environment variable PUBLIC_DNS_ZONE_NAME must be specified\"\n    exit 1\nfi\n\nif [[ -z \"${ACCESS}\" ]]; then\n    echo \"$0: Environment variable ACCESS must be specified\"\n    exit 1\nfi\n\n#######################################\n# Execute a command against the private AKS cluster using command invoke.\n# Globals:\n#   RESOURCE_GROUP\n#   AKS_NAME\n# Arguments:\n#   1. CLI command to be executed against AKS cluster.\n#   2. Additional arguments to pass to the 'az aks command invoke'.\n# Outputs:\n#   Output of CMD executed via command invoke.\n#######################################\naz_aks_command() {\n  CMD=$1\n  CMDOPTS=$2\n  # shellcheck disable=SC2086\n  az aks command invoke --resource-group \"${RESOURCE_GROUP}\" --name \"${AKS_NAME}\" --command \"${CMD}\" ${CMDOPTS}\n}\n\nwait_for_command() {\n    CMD=$1\n    CMDOPTS=$2\n    TIMEOUT=600\n    until az_aks_command \"${CMD}\" \"${CMDOPTS}\" | grep exitcode=0 || test \"$TIMEOUT\" -le 0; do\n        (( TIMEOUT=TIMEOUT-10 )) && sleep 10\n    done\n    if [ \"$TIMEOUT\" -le 0 ]; then\n        echo \"ERROR: ${CMD}\"\n        exit 1\n    fi\n}\n\n# TODO(pabelanger): Move this into a shared library\n#######################################\n# Query a secret from the azure keyvault.\n# Globals:\n#   VAULT_NAME\n# Arguments:\n#   1. the name of the secret to query\n# Outputs:\n#   Value of the secret in the vault.\n#######################################\nget_secret() {\n    az keyvault secret show \\\n      --name \"${1}\" \\\n      --output tsv \\\n      --query value \\\n      --vault-name \"${VAULT_NAME}\"\n}\n\nFQDN=sso.${PUBLIC_DNS_ZONE_NAME}\nDATABASE_PASSWORD=$(get_secret psql-admin-pass)\nDATABASE_USERNAME=$(get_secret psql-admin-user)\nHTTP_PASSWORD=$(get_secret http-admin-pass)\n\nCMD=\"kubectl rollout status -w deploy/keycloak-operator -n ${KEYCLOAK_NAMESPACE}\"\nwait_for_command \"${CMD}\"\n\ncat << EOF > keycloak.yaml\n---\napiVersion: v1\nkind: Secret\nmetadata:\n  name: keycloak-db-secret\n  namespace: ${PROJECT_NAMESPACE}\nstringData:\n  POSTGRES_DATABASE: '${DATABASE_NAME}'\n  POSTGRES_EXTERNAL_ADDRESS: '${DATABASE_HOST}'\n  POSTGRES_EXTERNAL_PORT: '5432'\n  POSTGRES_HOST: ansible-automation-keycloak-postgresql\n  POSTGRES_PASSWORD: '${DATABASE_PASSWORD}'\n  POSTGRES_USERNAME: '${DATABASE_USERNAME}'\ntype: Opaque\n---\napiVersion: v1\nkind: Secret\nmetadata:\n  name: credential-ansible-automation-keycloak\n  namespace: ${PROJECT_NAMESPACE}\nstringData:\n  ADMIN_PASSWORD: '${HTTP_PASSWORD}'\ntype: Opaque\n---\napiVersion: keycloak.org/v1alpha1\nkind: Keycloak\nmetadata:\n  name: ansible-automation-keycloak\n  labels:\n    app: sso\n  namespace: ${PROJECT_NAMESPACE}\nspec:\n  externalDatabase:\n    enabled: true\n  instances: 1\n---\napiVersion: v1\nkind: Service\nmetadata:\n  labels:\n    app: keycloak\n  name: keycloak-service\n  namespace: ${PROJECT_NAMESPACE}\nspec:\n  ports:\n  - name: keycloak\n    port: 8080\n    protocol: TCP\n    targetPort: 8080\n  selector:\n    app: keycloak\n    component: keycloak\n  type: ClusterIP\nEOF\nCMD=\"kubectl apply -f keycloak.yaml\"\nCMDOPTS=\"--file keycloak.yaml\"\naz_aks_command \"${CMD}\" \"${CMDOPTS}\"\n\nif [[ \"${ACCESS,,}\" == \"public\" ]]; then\n  INGRESS_CLASS=\"azure-application-gateway\"\n  SSL_REDIRECT_ANNOTATION=\"appgw.ingress.kubernetes.io/ssl-redirect: \\\"true\\\"\"\nelse\n  INGRESS_CLASS=\"nginx\"\n  SSL_REDIRECT_ANNOTATION=\"nginx.ingress.kubernetes.io/ssl-redirect: \\\"true\\\"\n    nginx.ingress.kubernetes.io/force-ssl-redirect: \\\"true\\\"\"\nfi\n\ncat << EOF > keycloak-ingress.yaml\napiVersion: networking.k8s.io/v1\nkind: Ingress\nmetadata:\n  name: keycloak-ingress\n  namespace: ${PROJECT_NAMESPACE}\n  annotations:\n    ${SSL_REDIRECT_ANNOTATION}\nspec:\n  ingressClassName: ${INGRESS_CLASS}\n  tls:\n  - hosts:\n    - ${FQDN}\n    secretName: aap-tls\n  rules:\n  - host: ${FQDN}\n    http:\n      paths:\n      - path: /\n        pathType: Prefix\n        backend:\n          service:\n            name: keycloak-service\n            port:\n              number: 8080\n      - path: /auth\n        pathType: Prefix\n        backend:\n          service:\n            name: keycloak-service\n            port:\n              number: 8080\nEOF\nCMD=\"kubectl apply -f keycloak-ingress.yaml\"\nCMDOPTS=\"--file keycloak-ingress.yaml\"\naz_aks_command \"${CMD}\" \"${CMDOPTS}\"\n\nURL=\"https://${FQDN}/\"\n\nHUB_FQDN=hub.${PUBLIC_DNS_ZONE_NAME}\nHUB_URL=\"https://${HUB_FQDN}/\"\nREDIRECT_URL=\"http://${HUB_FQDN}/\"\nHUB_REDIRECT=\"${REDIRECT_URL}*\"\nCLIENT_SECRET=$(openssl rand -base64 30)\n\ncat << EOF > keycloak-realm.yaml\n---\napiVersion: keycloak.org/v1alpha1\nkind: KeycloakRealm\nmetadata:\n  name: aap-realm\n  labels:\n    app: sso\n  namespace: ${PROJECT_NAMESPACE}\nspec:\n  instanceSelector:\n    matchLabels:\n      app: sso\n  realm:\n    enabled: true\n    displayName: Ansible Automation Platform\n    realm: ansible-automation-platform\n    id: ansible-automation-platform\n---\napiVersion: keycloak.org/v1alpha1\nkind: KeycloakClient\nmetadata:\n  namespace: ${PROJECT_NAMESPACE}\n  name: automation-hub\n  labels:\n    app: sso\nspec:\n  client:\n    adminUrl: ${HUB_URL}\n    enabled: true\n    clientAuthenticatorType: client-secret\n    redirectUris:\n      - ${HUB_REDIRECT}\n    clientId: automation-hub\n    optionalClientScopes:\n      - address\n      - microprofile-jwt\n      - offline_access\n      - phone\n    defaultClientScopes:\n      - email\n      - profile\n      - roles\n      - web-origins\n    name: Ansible Automation Hub\n    rootUrl: ${HUB_URL}\n    secret: ${CLIENT_SECRET}\n    webOrigins:\n      - ${HUB_URL}\n    useTemplateMappers: false\n    standardFlowEnabled: true\n    serviceAccountsEnabled: true\n    protocol: openid-connect\n    directAccessGrantsEnabled: true\n    protocolMappers:\n      - name: Client ID\n        protocol: openid-connect\n        protocolMapper: oidc-usersessionmodel-note-mapper\n        consentRequired: false\n        config:\n          user.session.note: clientId\n          id.token.claim: 'true'\n          access.token.claim: 'true'\n          claim.name: clientId\n          jsonType.label: String\n      - name: Client IP Address\n        protocol: openid-connect\n        protocolMapper: idc-usersessionmodel-note-mapper\n        consentRequired: false\n        config:\n          user.session.note: clientAddress\n          id.token.claim: 'true'\n          access.token.claim: 'true'\n          claim.name: clientAddress\n          jsonType.label: String\n      - name: Client Host\n        protocol: openid-connect\n        protocolMapper: oidc-usersessionmodel-note-mapper\n        consentRequired: false\n        config:\n          user.session.note: clientHost\n          id.token.claim: 'true'\n          access.token.claim: 'true'\n          claim.name: clientHost\n          jsonType.label: String\n      - name: Audience Mapper\n        protocol: openid-connect\n        protocolMapper: oidc-audience-mapper\n        consentRequired: false\n        config:\n          included.client.audience: automation-hub\n          id.token.claim: 'true'\n          access.token.claim: 'true'\n      - name: client_roles\n        protocol: openid-connect\n        protocolMapper: oidc-usermodel-client-role-mapper\n        consentRequired: false\n        config:\n          multivalued: 'true'\n          userinfo.token.claim: 'true'\n          id.token.claim: 'true'\n          access.token.claim: 'true'\n          claim.name: client_roles\n          usermodel.clientRoleMapping.clientId: automation-hub\n      - name: group\n        protocol: openid-connect\n        protocolMapper: oidc-group-membership-mapper\n        config:\n          full.path: \"true\"\n          id.token.claim: \"true\"\n          access.token.claim: \"true\"\n          claim.name: \"group\"\n          userinfo.token.claim: \"true\"\n\n  realmSelector:\n    matchLabels:\n      app: sso\n  roles:\n    - clientRole: true\n      description: An administrator role for Automation Hub\n      name: hubadmin\nEOF\nCMD=\"kubectl apply -f keycloak-realm.yaml\"\nCMDOPTS=\"--file keycloak-realm.yaml\"\naz_aks_command \"${CMD}\" \"${CMDOPTS}\"\n\n# NOTE(pabelanger): This is how we pass data back to bicep.\njq -n --arg arg \"$URL\" '{url: $arg}' > \"$AZ_SCRIPTS_OUTPUT_PATH\"\n",
    "$fxv#2": "#!/usr/bin/env bash\n#\n# Deploy the AutomationHub CustomResource with a certificate and ingress from extracted and input parameters.\nset -e\n\nAKS_NAME=${AKS_NAME:-''}\nDATABASE_NAME=${DATABASE_NAME:-'pulp'}\nDATABASE_HOST=${DATABASE_HOST:-''}\nDATABASE_PASSWORD=${DATABASE_PASSWORD:-''}\nDATABASE_USERNAME=${DATABASE_USERNAME:-''}\nOPERATORS_NAMESPACE=${OPERATORS_NAMESPACE:-'operators'}\nPROJECT_NAMESPACE=${PROJECT_NAMESPACE:-'ansible-automation-platform'}\nREDHAT_OPERATORS_SECRET=${REDHAT_OPERATORS_SECRET:-'redhat-operators-pull-secret'}\nRESOURCE_GROUP=${RESOURCE_GROUP:-''}\nSTORAGE_ACCOUNT_NAME=${STORAGE_ACCOUNT_NAME:-''}\nSTORAGE_CONTAINER=${STORAGE_CONTAINER:-'pulp'}\nSTORAGE_CONTAINER_PATH=${STORAGE_CONTAINER_PATH:-'/'}\nVAULT_NAME=${VAULT_NAME:-''}\nPUBLIC_DNS_ZONE_NAME=${PUBLIC_DNS_ZONE_NAME:-''}\nACCESS=${ACCESS:-''}\n\nif [[ -z \"${AKS_NAME}\" ]]; then\n    echo \"$0: Environment variable AKS_NAME must be specified\"\n    exit 1\nfi\n\nif [[ -z \"${DATABASE_HOST}\" ]]; then\n    echo \"$0: Environment variable DATABASE_HOST must be specified\"\n    exit 1\nfi\n\nif [[ -z \"${RESOURCE_GROUP}\" ]]; then\n    echo \"$0: Environment variable RESOURCE_GROUP must be specified\"\n    exit 1\nfi\n\nif [[ -z \"${STORAGE_ACCOUNT_NAME}\" ]]; then\n    echo \"$0: Environment variable STORAGE_ACCOUNT_NAME must be specified\"\n    exit 1\nfi\n\nif [[ -z \"${VAULT_NAME}\" ]]; then\n    echo \"$0: Environment variable VAULT_NAME must be specified\"\n    exit 1\nfi\n\nif [[ -z \"${PUBLIC_DNS_ZONE_NAME}\" ]]; then\n    echo \"$0: Environment variable PUBLIC_DNS_ZONE_NAME must be specified\"\n    exit 1\nfi\n\nif [[ -z \"${ACCESS}\" ]]; then\n    echo \"$0: Environment variable ACCESS must be specified\"\n    exit 1\nfi\n\n#######################################\n# Execute a command against the private AKS cluster using command invoke.\n# Globals:\n#   RESOURCE_GROUP\n#   AKS_NAME\n# Arguments:\n#   1. CLI command to be executed against AKS cluster.\n#   2. Additional arguments to pass to the 'az aks command invoke'.\n# Outputs:\n#   Output of CMD executed via command invoke.\n#######################################\naz_aks_command() {\n  CMD=$1\n  CMDOPTS=$2\n  # shellcheck disable=SC2086\n  az aks command invoke --resource-group \"${RESOURCE_GROUP}\" --name \"${AKS_NAME}\" --command \"${CMD}\" ${CMDOPTS}\n}\n\nwait_for_command() {\n    CMD=$1\n    CMDOPTS=$2\n    TIMEOUT=600\n    until az_aks_command \"${CMD}\" \"${CMDOPTS}\" | grep exitcode=0 || test \"$TIMEOUT\" -le 0; do\n        (( TIMEOUT=TIMEOUT-10 )) && sleep 10\n    done\n    if [ \"$TIMEOUT\" -le 0 ]; then\n        echo \"ERROR: ${CMD}\"\n        exit 1\n    fi\n}\n\nget_secret() {\n    az keyvault secret show \\\n      --name \"${1}\" \\\n      --output tsv \\\n      --query value \\\n      --vault-name \"${VAULT_NAME}\"\n}\n\nFQDN=hub.${PUBLIC_DNS_ZONE_NAME}\nCONTROLLER_FQDN=controller.${PUBLIC_DNS_ZONE_NAME}\nDATABASE_PASSWORD=$(get_secret psql-admin-pass)\nDATABASE_USERNAME=$(get_secret psql-admin-user)\nHTTP_PASSWORD=$(get_secret http-admin-pass)\nSTORAGE_ACCOUNT_KEY=$(az storage account keys list \\\n    --account-name \"${STORAGE_ACCOUNT_NAME}\" \\\n    --output tsv \\\n    --query [0].value \\\n    --resource-group \"${RESOURCE_GROUP}\")\nSTORAGE_ACCOUNT_CONNECTION=$(az storage account show-connection-string --name \"${STORAGE_ACCOUNT_NAME}\" \\\n    --resource-group \"${RESOURCE_GROUP}\" \\\n    --output tsv \\\n    --query connectionString)\n\n\n# Generate a key pair used for token creation.  We will store it in a TLS secret even\n# though this isn't a TLS private key / cert combo.  This is because the operator is\n# expecting this data in that format.\n# https://docs.pulpproject.org/pulp_container/authentication.html (Token Authentication)\nPRIVATE_KEY=$(openssl ecparam -genkey -name prime256v1 -noout | openssl enc -base64 -A)\nPUBLIC_KEY=$(echo \"${PRIVATE_KEY}\" | openssl enc -d -base64 | openssl ec -pubout | openssl enc -base64 -A)\n\n# TODO(gamuniz) remove resource_requirements when fix for memory issue lands upstream\ncat << EOF > automation-hub.yaml\n---\napiVersion: v1\nkind: Secret\nmetadata:\n  name: automation-hub-object-storage\n  namespace: ${PROJECT_NAMESPACE}\nstringData:\n  azure-account-key: '${STORAGE_ACCOUNT_KEY}'\n  azure-account-name: '${STORAGE_ACCOUNT_NAME}'\n  azure-container: '${STORAGE_CONTAINER}'\n  azure-container-path: '${STORAGE_CONTAINER_PATH}'\n  azure-connection-string: '${STORAGE_ACCOUNT_CONNECTION}'\n---\napiVersion: v1\nkind: Secret\nmetadata:\n  name: automation-hub-postgres-configuration\n  namespace: ${PROJECT_NAMESPACE}\nstringData:\n  database: '${DATABASE_NAME}'\n  host: '${DATABASE_HOST}'\n  password: '${DATABASE_PASSWORD}'\n  port: '5432'\n  sslmode: require\n  type: unmanaged\n  username: '${DATABASE_USERNAME}'\ntype: Opaque\n---\napiVersion: v1\nkind: Secret\nmetadata:\n  name: automation-hub-admin-password\n  namespace: ${PROJECT_NAMESPACE}\nstringData:\n  password: '${HTTP_PASSWORD}'\n---\napiVersion: v1\nkind: Secret\ntype: kubernetes.io/tls\nmetadata:\n  name: aaphub-token\n  namespace: ${PROJECT_NAMESPACE}\ndata:\n  tls.key: '${PRIVATE_KEY}'\n  tls.crt: '${PUBLIC_KEY}'\n---\napiVersion: automationhub.ansible.com/v1beta1\nkind: AutomationHub\nmetadata:\n  name: automation-hub\n  namespace: ${PROJECT_NAMESPACE}\nspec:\n  container_token_secret: aaphub-token\n  image_pull_secrets:\n    - ${REDHAT_OPERATORS_SECRET}\n  ingress_type: none\n  object_storage_azure_secret: automation-hub-object-storage\n  worker:\n    resource_requirements:\n      limits:\n        memory: 5Gi\n  pulp_settings:\n    ansible_api_hostname: https://${FQDN}\n    content_origin: https://${FQDN}\n    galaxy_collection_signing_service: \"\"\n    galaxy_container_signing_service: \"\"\n    # Adding to the galaxy_feature_flags needs to be merge-able\n    # Either with galaxy_feature_flags__<some_setting> or 'dynaconf_merge': 'true'\n    # https://github.com/pulp/pulp-operator/pull/949#discussion_r1185089313\n    # galaxy_feature_flags:\n    token_auth_disabled: 'False'\n    token_signature_algorithm: 'ES256'\n    token_server: https://${FQDN}/token/\n    private_key_path: /etc/pulp/keys/container_auth_private_key.pem\n    public_key_path: /etc/pulp/keys/container_auth_public_key.pem\n    redirect_to_object_storage: 'False'\n    connected_ansible_controllers: ['https://${CONTROLLER_FQDN}']\n  storage_type: Azure\n---\napiVersion: v1\nkind: Service\nmetadata:\n  labels:\n    app.kubernetes.io/component: webserver\n    app.kubernetes.io/instance: nginx-automation-hub\n    app.kubernetes.io/managed-by: automationhub-operator\n    app.kubernetes.io/name: nginx\n    app.kubernetes.io/part-of: automationhub\n  name: automation-hub-service\n  namespace: ${PROJECT_NAMESPACE}\nspec:\n  ports:\n  - port: 80\n    protocol: TCP\n    targetPort: 8080\n  selector:\n    app.kubernetes.io/component: webserver\n    app.kubernetes.io/instance: nginx-automation-hub\n    app.kubernetes.io/managed-by: automationhub-operator\n    app.kubernetes.io/name: nginx\n    app.kubernetes.io/part-of: automationhub\n  sessionAffinity: None\n  type: ClusterIP\nEOF\nCMD=\"kubectl apply -f automation-hub.yaml\"\nCMDOPTS=\"--file automation-hub.yaml\"\naz_aks_command \"${CMD}\" \"${CMDOPTS}\"\n\nCMD=\"kubectl rollout status -w deploy/automation-hub-web -n ${PROJECT_NAMESPACE}\"\nwait_for_command \"${CMD}\"\n\nif [[ \"${ACCESS,,}\" == \"public\" ]]; then\n  INGRESS_CLASS=\"azure-application-gateway\"\n  SSL_REDIRECT_ANNOTATION=\"appgw.ingress.kubernetes.io/ssl-redirect: \\\"true\\\"\"\nelse\n  INGRESS_CLASS=\"nginx\"\n  SSL_REDIRECT_ANNOTATION=\"nginx.ingress.kubernetes.io/ssl-redirect: \\\"true\\\"\n    nginx.ingress.kubernetes.io/force-ssl-redirect: \\\"true\\\"\n    nginx.org/client-max-body-size: \\\"2000m\\\"\"\nfi\n\ncat << EOF > automation-hub-ingress.yaml\napiVersion: networking.k8s.io/v1\nkind: Ingress\nmetadata:\n  name: automation-hub-ingress\n  namespace: ${PROJECT_NAMESPACE}\n  annotations:\n    ${SSL_REDIRECT_ANNOTATION}\nspec:\n  ingressClassName: ${INGRESS_CLASS}\n  tls:\n  - hosts:\n    - ${FQDN}\n    secretName: aap-tls\n  rules:\n  - host: ${FQDN}\n    http:\n      paths:\n      - path: /\n        pathType: Prefix\n        backend:\n          service:\n            name: automation-hub-service\n            port:\n              number: 80\nEOF\nCMD=\"kubectl apply -f automation-hub-ingress.yaml\"\nCMDOPTS=\"--file automation-hub-ingress.yaml\"\naz_aks_command \"${CMD}\" \"${CMDOPTS}\"\n\nURL=\"https://${FQDN}/ui/\"\n\n# NOTE(pabelanger): This is how we pass data back to bicep.\njq -n --arg arg \"$URL\" '{url: $arg}' > \"$AZ_SCRIPTS_OUTPUT_PATH\"\n",
    "$fxv#3": "#!/usr/bin/env bash\n#\n# Deploy the Azure metrics collection configuration.\nset -e\n\nAKS_NAME=${AKS_NAME:-''}\nPROJECT_NAMESPACE=${PROJECT_NAMESPACE:-'kube-system'}\nRESOURCE_GROUP=${RESOURCE_GROUP:-''}\nPUBLIC_DNS_ZONE_NAME=${PUBLIC_DNS_ZONE_NAME:-''}\n\nif [[ -z \"${AKS_NAME}\" ]]; then\n    echo \"$0: Environment variable AKS_NAME must be specified\"\n    exit 1\nfi\n\nif [[ -z \"${RESOURCE_GROUP}\" ]]; then\n    echo \"$0: Environment variable RESOURCE_GROUP must be specified\"\n    exit 1\nfi\n\nif [[ -z \"${PUBLIC_DNS_ZONE_NAME}\" ]]; then\n    echo \"$0: Environment variable PUBLIC_DNS_ZONE_NAME must be specified\"\n    exit 1\nfi\n\n#######################################\n# Execute a command against the private AKS cluster using command invoke.\n# Globals:\n#   RESOURCE_GROUP\n#   AKS_NAME\n# Arguments:\n#   1. CLI command to be executed against AKS cluster.\n#   2. Additional arguments to pass to the 'az aks command invoke'.\n# Outputs:\n#   Output of CMD executed via command invoke.\n#######################################\naz_aks_command() {\n  CMD=$1\n  CMDOPTS=$2\n  # shellcheck disable=SC2086\n  az aks command invoke --resource-group \"${RESOURCE_GROUP}\" --name \"${AKS_NAME}\" --command \"${CMD}\" ${CMDOPTS}\n}\n\nHUB_FQDN=\"hub.${PUBLIC_DNS_ZONE_NAME}\"\n\ncat << EOF > metrics.yaml\n---\nkind: ConfigMap\napiVersion: v1\nmetadata:\n  name: container-azm-ms-agentconfig\n  namespace: ${PROJECT_NAMESPACE}\ndata:\n  schema-version:\n    v1\n  config-version:\n    ver1\n  prometheus-data-collection-settings: |-\n    [prometheus_data_collection_settings.cluster]\n        interval = \"1m\"\n        urls = [\"https://${HUB_FQDN}/metrics\"]\n        monitor_kubernetes_pods = true\nEOF\nCMD=\"kubectl apply -f metrics.yaml\"\nCMDOPTS=\"--file metrics.yaml\"\naz_aks_command \"${CMD}\" \"${CMDOPTS}\"\n",
    "$fxv#4": "#!/usr/bin/env bash\nset -e\n\nAKS_NAME=${AKS_NAME:-''}\nDATABASE_HOST=${DATABASE_HOST:-''}\nCONTROLLER_DATABASE_NAME=${CONTROLLER_DATABASE_NAME:-'awx'}\nHUB_DATABASE_NAME=${HUB_DATABASE_NAME:-'pulp'}\nBILLING_DATABASE_NAME=${BILLING_DATABASE_NAME:-'billing'}\nMETRICS_NAMESPACE=${METRICS_NAMESPACE:-'ansible-automation-platform-metrics'}\nRESOURCE_GROUP=${RESOURCE_GROUP:-''}\nVAULT_NAME=${VAULT_NAME:-''}\nREDHAT_OPERATORS_SECRET=${REDHAT_OPERATORS_SECRET:-'redhat-operators-pull-secret'}\nCATALOG_NAMESPACE=${CATALOG_NAMESPACE:-'olm'}\nIDENTITY_RESOURCE=${IDENTITY_RESOURCE:-''}\nIDENTITY_CLIENT_ID=\"$(az identity show \\\n  --id \"${IDENTITY_RESOURCE}\" \\\n  --output tsv \\\n  --query clientId)\"\n\nif [[ -z \"${AKS_NAME}\" ]]; then\n    echo \"$0: Environment variable AKS_NAME must be specified\"\n    exit 1\nfi\n\nif [[ -z \"${DATABASE_HOST}\" ]]; then\n    echo \"$0: Environment variable DATABASE_HOST must be specified\"\n    exit 1\nfi\n\nif [[ -z \"${RESOURCE_GROUP}\" ]]; then\n    echo \"$0: Environment variable RESOURCE_GROUP must be specified\"\n    exit 1\nfi\n\nif [[ -z \"${VAULT_NAME}\" ]]; then\n    echo \"$0: Environment variable VAULT_NAME must be specified\"\n    exit 1\nfi\n\naz_aks_command() {\n  CMD=$1\n  CMDOPTS=$2\n  # shellcheck disable=SC2086\n  az aks command invoke --resource-group \"${RESOURCE_GROUP}\" --name \"${AKS_NAME}\" --command \"${CMD}\" ${CMDOPTS}\n}\n\nget_secret() {\n    az keyvault secret show \\\n      --name \"${1}\" \\\n      --output tsv \\\n      --query value \\\n      --vault-name \"${VAULT_NAME}\"\n}\n\nDATABASE_ADMIN_USERNAME=$(get_secret psql-admin-user)\nDATABASE_ADMIN_PASSWORD=$(get_secret psql-admin-pass)\n\n# Commented out until the operator can create the metrics user. For we will use the admin user values\n#DATABASE_METRICS_USERNAME=$(get_secret psql-aap-metrics-user)\n#DATABASE_METRICS_PASSWORD=$(get_secret psql-aap-metrics-pass)\nDATABASE_METRICS_USERNAME=${DATABASE_ADMIN_USERNAME}\nDATABASE_METRICS_PASSWORD=${DATABASE_ADMIN_PASSWORD}\n\nSEGMENT_KEY=$(get_secret MetricsCollectorSegmentWriteKey)\n\n# Get the image pull secret from operators/catalog namespace and re-apply in metrics namesapce\nCMD=\"kubectl get secrets -n ${CATALOG_NAMESPACE} ${REDHAT_OPERATORS_SECRET} -o json\"\nCMDOPTS=\"--output=json\"\n# Remove namespace and metadata to allow for re-application\naz_aks_command \"${CMD}\" \"${CMDOPTS}\" | jq -r '.logs' | jq 'del(.metadata[\"namespace\",\"creationTimestamp\",\"resourceVersion\",\"selfLink\",\"uid\"])' > secrets.yaml\n\nCMD=\"kubectl apply -n ${METRICS_NAMESPACE} -f secrets.yaml\"\nCMDOPTS=\"--file secrets.yaml\"\naz_aks_command \"${CMD}\" \"${CMDOPTS}\"\n\n# Create postgress configuration secrets and segment key secret\ncat << EOF > aap-metrics.yaml\n---\napiVersion: v1\nkind: Secret\nmetadata:\n  name: controller-postgres-configuration\n  namespace: ${METRICS_NAMESPACE}\nstringData:\n  host: '${DATABASE_HOST}'\n  port: '5432'\n  database: '${CONTROLLER_DATABASE_NAME}'\n  username: '${DATABASE_METRICS_USERNAME}'\n  password: '${DATABASE_METRICS_PASSWORD}'\ntype: Opaque\n---\napiVersion: v1\nkind: Secret\nmetadata:\n  name: billing-postgres-configuration\n  namespace: ${METRICS_NAMESPACE}\nstringData:\n  host: '${DATABASE_HOST}'\n  port: '5432'\n  database: '${BILLING_DATABASE_NAME}'\n  username: '${DATABASE_METRICS_USERNAME}'\n  password: '${DATABASE_METRICS_PASSWORD}'\ntype: Opaque\n---\napiVersion: v1\nkind: Secret\nmetadata:\n  name: hub-postgres-configuration\n  namespace: ${METRICS_NAMESPACE}\nstringData:\n  host: '${DATABASE_HOST}'\n  port: '5432'\n  database: '${HUB_DATABASE_NAME}'\n  username: '${DATABASE_METRICS_USERNAME}'\n  password: '${DATABASE_METRICS_PASSWORD}'\n  type: Opaque\n---\napiVersion: v1\nkind: Secret\nmetadata:\n  name: segment-key\n  namespace: ${METRICS_NAMESPACE}\nstringData:\n  segment_key: '${SEGMENT_KEY}'\ntype: Opaque\n---\napiVersion: platform.ansible.com/v1alpha1\nkind: AnsibleAutomationPlatformMetrics\nmetadata:\n  name: metrics\n  namespace: ${METRICS_NAMESPACE}\nspec:\n  automationcontroller_db_secret: controller-postgres-configuration\n  automationhub_db_secret: hub-postgres-configuration\n  billing_db_secret: billing-postgres-configuration\n  segment_key_secret: segment-key\n  image_pull_secrets:\n    - ${REDHAT_OPERATORS_SECRET}\nEOF\n\nCMD=\"kubectl apply -f aap-metrics.yaml\"\nCMDOPTS=\"--file aap-metrics.yaml\"\naz_aks_command \"${CMD}\" \"${CMDOPTS}\"\n\n# Patch metrics ServiceAccount with client id and workload identity label\ncat << EOF > workload_id.yaml\n---\nmetadata:\n  annotations:\n    azure.workload.identity/client-id: ${IDENTITY_CLIENT_ID}\n  labels:\n    azure.workload.identity/use: \"true\"\nEOF\nCMD=\"kubectl patch sa default -n ${METRICS_NAMESPACE} --type strategic --patch-file workload_id.yaml\"\nCMDOPTS=\"--file workload_id.yaml\"\naz_aks_command \"${CMD}\" \"${CMDOPTS}\"\n"
  },
  "resources": [
    {
      "type": "Microsoft.Resources/deployments",
      "apiVersion": "2022-09-01",
      "name": "automationControllerDeploymentScript",
      "properties": {
        "expressionEvaluationOptions": {
          "scope": "inner"
        },
        "mode": "Incremental",
        "parameters": {
          "name": {
            "value": "[format('ds-prepare-automation-controller-{0}', parameters('location'))]"
          },
          "location": {
            "value": "[parameters('location')]"
          },
          "scriptContent": {
            "value": "[variables('$fxv#0')]"
          },
          "userAssignedIdentityId": {
            "value": "[parameters('userAssignedIdentityId')]"
          },
          "tagsByResource": {
            "value": "[parameters('tagsByResource')]"
          },
          "environmentVariables": {
            "value": [
              {
                "name": "AKS_NAME",
                "value": "[parameters('aksName')]"
              },
              {
                "name": "DATABASE_HOST",
                "value": "[format('{0}.postgres.database.azure.com', parameters('databaseHostname'))]"
              },
              {
                "name": "RESOURCE_GROUP",
                "value": "[resourceGroup().name]"
              },
              {
                "name": "VAULT_NAME",
                "value": "[parameters('keyVaultName')]"
              },
              {
                "name": "PUBLIC_DNS_ZONE_NAME",
                "value": "[parameters('publicDnsZoneName')]"
              },
              {
                "name": "ACCESS",
                "value": "[parameters('access')]"
              }
            ]
          },
          "registryPassword": {
            "value": "[parameters('registryPassword')]"
          },
          "registryUsername": {
            "value": "[parameters('registryUsername')]"
          }
        },
        "template": {
          "$schema": "https://schema.management.azure.com/schemas/2019-04-01/deploymentTemplate.json#",
          "contentVersion": "1.0.0.0",
          "metadata": {
            "_generator": {
              "name": "bicep",
              "version": "0.18.4.5664",
              "templateHash": "3001068398413510809"
            }
          },
          "parameters": {
            "arguments": {
              "type": "string",
              "defaultValue": ""
            },
            "azCliVersion": {
              "type": "string",
              "defaultValue": "2.40.0"
            },
            "azureFunctionAPIKey": {
              "type": "securestring",
              "defaultValue": ""
            },
            "cleanupPreference": {
              "type": "string",
              "defaultValue": "Always",
              "allowedValues": [
                "Always",
                "OnExpiration",
                "OnSuccess"
              ]
            },
            "environmentVariables": {
              "type": "array",
              "defaultValue": []
            },
            "location": {
              "type": "string",
              "defaultValue": ""
            },
            "name": {
              "type": "string",
              "defaultValue": ""
            },
            "registryPassword": {
              "type": "securestring",
              "defaultValue": ""
            },
            "registryUsername": {
              "type": "securestring",
              "defaultValue": ""
            },
            "retentionInterval": {
              "type": "string",
              "defaultValue": "P1D"
            },
            "scriptContent": {
              "type": "string",
              "defaultValue": ""
            },
            "servicePrincipalId": {
              "type": "securestring",
              "defaultValue": ""
            },
            "servicePrincipalSecret": {
              "type": "securestring",
              "defaultValue": ""
            },
            "tenantId": {
              "type": "securestring",
              "defaultValue": ""
            },
            "userAssignedIdentityId": {
              "type": "string",
              "defaultValue": ""
            },
            "tagsByResource": {
              "type": "object",
              "defaultValue": {}
            }
          },
          "variables": {
            "registrySecureValues": "[if(and(not(empty(parameters('registryPassword'))), not(empty(parameters('registryUsername')))), createArray(createObject('name', 'REGISTRY_PASSWORD', 'secureValue', parameters('registryPassword')), createObject('name', 'REGISTRY_USERNAME', 'secureValue', parameters('registryUsername'))), createArray())]",
            "azureFunctionAPIKeySecureValues": "[if(not(empty(parameters('azureFunctionAPIKey'))), createArray(createObject('name', 'AZURE_FUNCTION_API_KEY', 'secureValue', parameters('azureFunctionAPIKey'))), createArray())]",
            "servicePrincipalSecureValues": "[if(and(and(not(empty(parameters('servicePrincipalId'))), not(empty(parameters('servicePrincipalSecret')))), not(empty(parameters('tenantId')))), createArray(createObject('name', 'SERVICE_PRINCIPAL_ID', 'secureValue', parameters('servicePrincipalId')), createObject('name', 'SERVICE_PRINCIPAL_SECRET', 'secureValue', parameters('servicePrincipalSecret')), createObject('name', 'TENANT_ID', 'secureValue', parameters('tenantId'))), createArray())]",
            "combinedEnvironmentVariablesAndSecureValues": "[union(parameters('environmentVariables'), variables('registrySecureValues'), variables('azureFunctionAPIKeySecureValues'), variables('servicePrincipalSecureValues'))]"
          },
          "resources": [
            {
              "type": "Microsoft.Resources/deploymentScripts",
              "apiVersion": "2020-10-01",
              "name": "[parameters('name')]",
              "location": "[parameters('location')]",
              "kind": "AzureCLI",
              "tags": "[if(contains(parameters('tagsByResource'), 'Microsoft.Resources/deploymentScripts'), parameters('tagsByResource')['Microsoft.Resources/deploymentScripts'], createObject())]",
              "identity": {
                "type": "UserAssigned",
                "userAssignedIdentities": {
                  "[format('{0}', parameters('userAssignedIdentityId'))]": {}
                }
              },
              "properties": {
                "azCliVersion": "[parameters('azCliVersion')]",
                "cleanupPreference": "[parameters('cleanupPreference')]",
                "retentionInterval": "[parameters('retentionInterval')]",
                "scriptContent": "[parameters('scriptContent')]",
                "arguments": "[parameters('arguments')]",
                "environmentVariables": "[variables('combinedEnvironmentVariablesAndSecureValues')]"
              }
            }
          ],
          "outputs": {
            "data": {
              "type": "object",
              "value": "[if(contains(reference(resourceId('Microsoft.Resources/deploymentScripts', parameters('name')), '2020-10-01'), 'outputs'), reference(resourceId('Microsoft.Resources/deploymentScripts', parameters('name')), '2020-10-01').outputs, createObject())]"
            }
          }
        }
      }
    },
    {
      "type": "Microsoft.Resources/deployments",
      "apiVersion": "2022-09-01",
      "name": "keycloakDeploymentScript",
      "properties": {
        "expressionEvaluationOptions": {
          "scope": "inner"
        },
        "mode": "Incremental",
        "parameters": {
          "name": {
            "value": "[format('ds-prepare-keycloak-{0}', parameters('location'))]"
          },
          "location": {
            "value": "[parameters('location')]"
          },
          "scriptContent": {
            "value": "[variables('$fxv#1')]"
          },
          "userAssignedIdentityId": {
            "value": "[parameters('userAssignedIdentityId')]"
          },
          "tagsByResource": {
            "value": "[parameters('tagsByResource')]"
          },
          "environmentVariables": {
            "value": [
              {
                "name": "AKS_NAME",
                "value": "[parameters('aksName')]"
              },
              {
                "name": "DATABASE_HOST",
                "value": "[format('{0}.postgres.database.azure.com', parameters('databaseHostname'))]"
              },
              {
                "name": "RESOURCE_GROUP",
                "value": "[resourceGroup().name]"
              },
              {
                "name": "VAULT_NAME",
                "value": "[parameters('keyVaultName')]"
              },
              {
                "name": "PUBLIC_DNS_ZONE_NAME",
                "value": "[parameters('publicDnsZoneName')]"
              },
              {
                "name": "ACCESS",
                "value": "[parameters('access')]"
              }
            ]
          }
        },
        "template": {
          "$schema": "https://schema.management.azure.com/schemas/2019-04-01/deploymentTemplate.json#",
          "contentVersion": "1.0.0.0",
          "metadata": {
            "_generator": {
              "name": "bicep",
              "version": "0.18.4.5664",
              "templateHash": "3001068398413510809"
            }
          },
          "parameters": {
            "arguments": {
              "type": "string",
              "defaultValue": ""
            },
            "azCliVersion": {
              "type": "string",
              "defaultValue": "2.40.0"
            },
            "azureFunctionAPIKey": {
              "type": "securestring",
              "defaultValue": ""
            },
            "cleanupPreference": {
              "type": "string",
              "defaultValue": "Always",
              "allowedValues": [
                "Always",
                "OnExpiration",
                "OnSuccess"
              ]
            },
            "environmentVariables": {
              "type": "array",
              "defaultValue": []
            },
            "location": {
              "type": "string",
              "defaultValue": ""
            },
            "name": {
              "type": "string",
              "defaultValue": ""
            },
            "registryPassword": {
              "type": "securestring",
              "defaultValue": ""
            },
            "registryUsername": {
              "type": "securestring",
              "defaultValue": ""
            },
            "retentionInterval": {
              "type": "string",
              "defaultValue": "P1D"
            },
            "scriptContent": {
              "type": "string",
              "defaultValue": ""
            },
            "servicePrincipalId": {
              "type": "securestring",
              "defaultValue": ""
            },
            "servicePrincipalSecret": {
              "type": "securestring",
              "defaultValue": ""
            },
            "tenantId": {
              "type": "securestring",
              "defaultValue": ""
            },
            "userAssignedIdentityId": {
              "type": "string",
              "defaultValue": ""
            },
            "tagsByResource": {
              "type": "object",
              "defaultValue": {}
            }
          },
          "variables": {
            "registrySecureValues": "[if(and(not(empty(parameters('registryPassword'))), not(empty(parameters('registryUsername')))), createArray(createObject('name', 'REGISTRY_PASSWORD', 'secureValue', parameters('registryPassword')), createObject('name', 'REGISTRY_USERNAME', 'secureValue', parameters('registryUsername'))), createArray())]",
            "azureFunctionAPIKeySecureValues": "[if(not(empty(parameters('azureFunctionAPIKey'))), createArray(createObject('name', 'AZURE_FUNCTION_API_KEY', 'secureValue', parameters('azureFunctionAPIKey'))), createArray())]",
            "servicePrincipalSecureValues": "[if(and(and(not(empty(parameters('servicePrincipalId'))), not(empty(parameters('servicePrincipalSecret')))), not(empty(parameters('tenantId')))), createArray(createObject('name', 'SERVICE_PRINCIPAL_ID', 'secureValue', parameters('servicePrincipalId')), createObject('name', 'SERVICE_PRINCIPAL_SECRET', 'secureValue', parameters('servicePrincipalSecret')), createObject('name', 'TENANT_ID', 'secureValue', parameters('tenantId'))), createArray())]",
            "combinedEnvironmentVariablesAndSecureValues": "[union(parameters('environmentVariables'), variables('registrySecureValues'), variables('azureFunctionAPIKeySecureValues'), variables('servicePrincipalSecureValues'))]"
          },
          "resources": [
            {
              "type": "Microsoft.Resources/deploymentScripts",
              "apiVersion": "2020-10-01",
              "name": "[parameters('name')]",
              "location": "[parameters('location')]",
              "kind": "AzureCLI",
              "tags": "[if(contains(parameters('tagsByResource'), 'Microsoft.Resources/deploymentScripts'), parameters('tagsByResource')['Microsoft.Resources/deploymentScripts'], createObject())]",
              "identity": {
                "type": "UserAssigned",
                "userAssignedIdentities": {
                  "[format('{0}', parameters('userAssignedIdentityId'))]": {}
                }
              },
              "properties": {
                "azCliVersion": "[parameters('azCliVersion')]",
                "cleanupPreference": "[parameters('cleanupPreference')]",
                "retentionInterval": "[parameters('retentionInterval')]",
                "scriptContent": "[parameters('scriptContent')]",
                "arguments": "[parameters('arguments')]",
                "environmentVariables": "[variables('combinedEnvironmentVariablesAndSecureValues')]"
              }
            }
          ],
          "outputs": {
            "data": {
              "type": "object",
              "value": "[if(contains(reference(resourceId('Microsoft.Resources/deploymentScripts', parameters('name')), '2020-10-01'), 'outputs'), reference(resourceId('Microsoft.Resources/deploymentScripts', parameters('name')), '2020-10-01').outputs, createObject())]"
            }
          }
        }
      }
    },
    {
      "type": "Microsoft.Resources/deployments",
      "apiVersion": "2022-09-01",
      "name": "automationHubDeploymentScript",
      "properties": {
        "expressionEvaluationOptions": {
          "scope": "inner"
        },
        "mode": "Incremental",
        "parameters": {
          "name": {
            "value": "[format('ds-prepare-automation-hub-{0}', parameters('location'))]"
          },
          "location": {
            "value": "[parameters('location')]"
          },
          "scriptContent": {
            "value": "[variables('$fxv#2')]"
          },
          "userAssignedIdentityId": {
            "value": "[parameters('userAssignedIdentityId')]"
          },
          "tagsByResource": {
            "value": "[parameters('tagsByResource')]"
          },
          "environmentVariables": {
            "value": [
              {
                "name": "AKS_NAME",
                "value": "[parameters('aksName')]"
              },
              {
                "name": "DATABASE_HOST",
                "value": "[format('{0}.postgres.database.azure.com', parameters('databaseHostname'))]"
              },
              {
                "name": "RESOURCE_GROUP",
                "value": "[resourceGroup().name]"
              },
              {
                "name": "STORAGE_ACCOUNT_NAME",
                "value": "[parameters('storageAccountName')]"
              },
              {
                "name": "VAULT_NAME",
                "value": "[parameters('keyVaultName')]"
              },
              {
                "name": "PUBLIC_DNS_ZONE_NAME",
                "value": "[parameters('publicDnsZoneName')]"
              },
              {
                "name": "ACCESS",
                "value": "[parameters('access')]"
              }
            ]
          }
        },
        "template": {
          "$schema": "https://schema.management.azure.com/schemas/2019-04-01/deploymentTemplate.json#",
          "contentVersion": "1.0.0.0",
          "metadata": {
            "_generator": {
              "name": "bicep",
              "version": "0.18.4.5664",
              "templateHash": "3001068398413510809"
            }
          },
          "parameters": {
            "arguments": {
              "type": "string",
              "defaultValue": ""
            },
            "azCliVersion": {
              "type": "string",
              "defaultValue": "2.40.0"
            },
            "azureFunctionAPIKey": {
              "type": "securestring",
              "defaultValue": ""
            },
            "cleanupPreference": {
              "type": "string",
              "defaultValue": "Always",
              "allowedValues": [
                "Always",
                "OnExpiration",
                "OnSuccess"
              ]
            },
            "environmentVariables": {
              "type": "array",
              "defaultValue": []
            },
            "location": {
              "type": "string",
              "defaultValue": ""
            },
            "name": {
              "type": "string",
              "defaultValue": ""
            },
            "registryPassword": {
              "type": "securestring",
              "defaultValue": ""
            },
            "registryUsername": {
              "type": "securestring",
              "defaultValue": ""
            },
            "retentionInterval": {
              "type": "string",
              "defaultValue": "P1D"
            },
            "scriptContent": {
              "type": "string",
              "defaultValue": ""
            },
            "servicePrincipalId": {
              "type": "securestring",
              "defaultValue": ""
            },
            "servicePrincipalSecret": {
              "type": "securestring",
              "defaultValue": ""
            },
            "tenantId": {
              "type": "securestring",
              "defaultValue": ""
            },
            "userAssignedIdentityId": {
              "type": "string",
              "defaultValue": ""
            },
            "tagsByResource": {
              "type": "object",
              "defaultValue": {}
            }
          },
          "variables": {
            "registrySecureValues": "[if(and(not(empty(parameters('registryPassword'))), not(empty(parameters('registryUsername')))), createArray(createObject('name', 'REGISTRY_PASSWORD', 'secureValue', parameters('registryPassword')), createObject('name', 'REGISTRY_USERNAME', 'secureValue', parameters('registryUsername'))), createArray())]",
            "azureFunctionAPIKeySecureValues": "[if(not(empty(parameters('azureFunctionAPIKey'))), createArray(createObject('name', 'AZURE_FUNCTION_API_KEY', 'secureValue', parameters('azureFunctionAPIKey'))), createArray())]",
            "servicePrincipalSecureValues": "[if(and(and(not(empty(parameters('servicePrincipalId'))), not(empty(parameters('servicePrincipalSecret')))), not(empty(parameters('tenantId')))), createArray(createObject('name', 'SERVICE_PRINCIPAL_ID', 'secureValue', parameters('servicePrincipalId')), createObject('name', 'SERVICE_PRINCIPAL_SECRET', 'secureValue', parameters('servicePrincipalSecret')), createObject('name', 'TENANT_ID', 'secureValue', parameters('tenantId'))), createArray())]",
            "combinedEnvironmentVariablesAndSecureValues": "[union(parameters('environmentVariables'), variables('registrySecureValues'), variables('azureFunctionAPIKeySecureValues'), variables('servicePrincipalSecureValues'))]"
          },
          "resources": [
            {
              "type": "Microsoft.Resources/deploymentScripts",
              "apiVersion": "2020-10-01",
              "name": "[parameters('name')]",
              "location": "[parameters('location')]",
              "kind": "AzureCLI",
              "tags": "[if(contains(parameters('tagsByResource'), 'Microsoft.Resources/deploymentScripts'), parameters('tagsByResource')['Microsoft.Resources/deploymentScripts'], createObject())]",
              "identity": {
                "type": "UserAssigned",
                "userAssignedIdentities": {
                  "[format('{0}', parameters('userAssignedIdentityId'))]": {}
                }
              },
              "properties": {
                "azCliVersion": "[parameters('azCliVersion')]",
                "cleanupPreference": "[parameters('cleanupPreference')]",
                "retentionInterval": "[parameters('retentionInterval')]",
                "scriptContent": "[parameters('scriptContent')]",
                "arguments": "[parameters('arguments')]",
                "environmentVariables": "[variables('combinedEnvironmentVariablesAndSecureValues')]"
              }
            }
          ],
          "outputs": {
            "data": {
              "type": "object",
              "value": "[if(contains(reference(resourceId('Microsoft.Resources/deploymentScripts', parameters('name')), '2020-10-01'), 'outputs'), reference(resourceId('Microsoft.Resources/deploymentScripts', parameters('name')), '2020-10-01').outputs, createObject())]"
            }
          }
        }
      }
    },
    {
      "type": "Microsoft.Resources/deployments",
      "apiVersion": "2022-09-01",
      "name": "metricsDeploymentScript",
      "properties": {
        "expressionEvaluationOptions": {
          "scope": "inner"
        },
        "mode": "Incremental",
        "parameters": {
          "name": {
            "value": "[format('ds-prepare-metrics-{0}', parameters('location'))]"
          },
          "location": {
            "value": "[parameters('location')]"
          },
          "scriptContent": {
            "value": "[variables('$fxv#3')]"
          },
          "userAssignedIdentityId": {
            "value": "[parameters('userAssignedIdentityId')]"
          },
          "tagsByResource": {
            "value": "[parameters('tagsByResource')]"
          },
          "environmentVariables": {
            "value": [
              {
                "name": "AKS_NAME",
                "value": "[parameters('aksName')]"
              },
              {
                "name": "RESOURCE_GROUP",
                "value": "[resourceGroup().name]"
              },
              {
                "name": "VAULT_NAME",
                "value": "[parameters('keyVaultName')]"
              },
              {
                "name": "PUBLIC_DNS_ZONE_NAME",
                "value": "[parameters('publicDnsZoneName')]"
              }
            ]
          }
        },
        "template": {
          "$schema": "https://schema.management.azure.com/schemas/2019-04-01/deploymentTemplate.json#",
          "contentVersion": "1.0.0.0",
          "metadata": {
            "_generator": {
              "name": "bicep",
              "version": "0.18.4.5664",
              "templateHash": "3001068398413510809"
            }
          },
          "parameters": {
            "arguments": {
              "type": "string",
              "defaultValue": ""
            },
            "azCliVersion": {
              "type": "string",
              "defaultValue": "2.40.0"
            },
            "azureFunctionAPIKey": {
              "type": "securestring",
              "defaultValue": ""
            },
            "cleanupPreference": {
              "type": "string",
              "defaultValue": "Always",
              "allowedValues": [
                "Always",
                "OnExpiration",
                "OnSuccess"
              ]
            },
            "environmentVariables": {
              "type": "array",
              "defaultValue": []
            },
            "location": {
              "type": "string",
              "defaultValue": ""
            },
            "name": {
              "type": "string",
              "defaultValue": ""
            },
            "registryPassword": {
              "type": "securestring",
              "defaultValue": ""
            },
            "registryUsername": {
              "type": "securestring",
              "defaultValue": ""
            },
            "retentionInterval": {
              "type": "string",
              "defaultValue": "P1D"
            },
            "scriptContent": {
              "type": "string",
              "defaultValue": ""
            },
            "servicePrincipalId": {
              "type": "securestring",
              "defaultValue": ""
            },
            "servicePrincipalSecret": {
              "type": "securestring",
              "defaultValue": ""
            },
            "tenantId": {
              "type": "securestring",
              "defaultValue": ""
            },
            "userAssignedIdentityId": {
              "type": "string",
              "defaultValue": ""
            },
            "tagsByResource": {
              "type": "object",
              "defaultValue": {}
            }
          },
          "variables": {
            "registrySecureValues": "[if(and(not(empty(parameters('registryPassword'))), not(empty(parameters('registryUsername')))), createArray(createObject('name', 'REGISTRY_PASSWORD', 'secureValue', parameters('registryPassword')), createObject('name', 'REGISTRY_USERNAME', 'secureValue', parameters('registryUsername'))), createArray())]",
            "azureFunctionAPIKeySecureValues": "[if(not(empty(parameters('azureFunctionAPIKey'))), createArray(createObject('name', 'AZURE_FUNCTION_API_KEY', 'secureValue', parameters('azureFunctionAPIKey'))), createArray())]",
            "servicePrincipalSecureValues": "[if(and(and(not(empty(parameters('servicePrincipalId'))), not(empty(parameters('servicePrincipalSecret')))), not(empty(parameters('tenantId')))), createArray(createObject('name', 'SERVICE_PRINCIPAL_ID', 'secureValue', parameters('servicePrincipalId')), createObject('name', 'SERVICE_PRINCIPAL_SECRET', 'secureValue', parameters('servicePrincipalSecret')), createObject('name', 'TENANT_ID', 'secureValue', parameters('tenantId'))), createArray())]",
            "combinedEnvironmentVariablesAndSecureValues": "[union(parameters('environmentVariables'), variables('registrySecureValues'), variables('azureFunctionAPIKeySecureValues'), variables('servicePrincipalSecureValues'))]"
          },
          "resources": [
            {
              "type": "Microsoft.Resources/deploymentScripts",
              "apiVersion": "2020-10-01",
              "name": "[parameters('name')]",
              "location": "[parameters('location')]",
              "kind": "AzureCLI",
              "tags": "[if(contains(parameters('tagsByResource'), 'Microsoft.Resources/deploymentScripts'), parameters('tagsByResource')['Microsoft.Resources/deploymentScripts'], createObject())]",
              "identity": {
                "type": "UserAssigned",
                "userAssignedIdentities": {
                  "[format('{0}', parameters('userAssignedIdentityId'))]": {}
                }
              },
              "properties": {
                "azCliVersion": "[parameters('azCliVersion')]",
                "cleanupPreference": "[parameters('cleanupPreference')]",
                "retentionInterval": "[parameters('retentionInterval')]",
                "scriptContent": "[parameters('scriptContent')]",
                "arguments": "[parameters('arguments')]",
                "environmentVariables": "[variables('combinedEnvironmentVariablesAndSecureValues')]"
              }
            }
          ],
          "outputs": {
            "data": {
              "type": "object",
              "value": "[if(contains(reference(resourceId('Microsoft.Resources/deploymentScripts', parameters('name')), '2020-10-01'), 'outputs'), reference(resourceId('Microsoft.Resources/deploymentScripts', parameters('name')), '2020-10-01').outputs, createObject())]"
            }
          }
        }
      }
    },
    {
      "type": "Microsoft.Resources/deployments",
      "apiVersion": "2022-09-01",
      "name": "metricsCollectorDeploymentScript",
      "properties": {
        "expressionEvaluationOptions": {
          "scope": "inner"
        },
        "mode": "Incremental",
        "parameters": {
          "name": {
            "value": "[format('ds-prepare-metrics-collector-{0}', parameters('location'))]"
          },
          "location": {
            "value": "[parameters('location')]"
          },
          "scriptContent": {
            "value": "[variables('$fxv#4')]"
          },
          "userAssignedIdentityId": {
            "value": "[parameters('userAssignedIdentityId')]"
          },
          "tagsByResource": {
            "value": "[parameters('tagsByResource')]"
          },
          "environmentVariables": {
            "value": [
              {
                "name": "AKS_NAME",
                "value": "[parameters('aksName')]"
              },
              {
                "name": "DATABASE_HOST",
                "value": "[format('{0}.postgres.database.azure.com', parameters('databaseHostname'))]"
              },
              {
                "name": "RESOURCE_GROUP",
                "value": "[resourceGroup().name]"
              },
              {
                "name": "VAULT_NAME",
                "value": "[parameters('keyVaultName')]"
              },
              {
                "name": "IDENTITY_RESOURCE",
                "value": "[parameters('userAssignedIdentityId')]"
              }
            ]
          }
        },
        "template": {
          "$schema": "https://schema.management.azure.com/schemas/2019-04-01/deploymentTemplate.json#",
          "contentVersion": "1.0.0.0",
          "metadata": {
            "_generator": {
              "name": "bicep",
              "version": "0.18.4.5664",
              "templateHash": "3001068398413510809"
            }
          },
          "parameters": {
            "arguments": {
              "type": "string",
              "defaultValue": ""
            },
            "azCliVersion": {
              "type": "string",
              "defaultValue": "2.40.0"
            },
            "azureFunctionAPIKey": {
              "type": "securestring",
              "defaultValue": ""
            },
            "cleanupPreference": {
              "type": "string",
              "defaultValue": "Always",
              "allowedValues": [
                "Always",
                "OnExpiration",
                "OnSuccess"
              ]
            },
            "environmentVariables": {
              "type": "array",
              "defaultValue": []
            },
            "location": {
              "type": "string",
              "defaultValue": ""
            },
            "name": {
              "type": "string",
              "defaultValue": ""
            },
            "registryPassword": {
              "type": "securestring",
              "defaultValue": ""
            },
            "registryUsername": {
              "type": "securestring",
              "defaultValue": ""
            },
            "retentionInterval": {
              "type": "string",
              "defaultValue": "P1D"
            },
            "scriptContent": {
              "type": "string",
              "defaultValue": ""
            },
            "servicePrincipalId": {
              "type": "securestring",
              "defaultValue": ""
            },
            "servicePrincipalSecret": {
              "type": "securestring",
              "defaultValue": ""
            },
            "tenantId": {
              "type": "securestring",
              "defaultValue": ""
            },
            "userAssignedIdentityId": {
              "type": "string",
              "defaultValue": ""
            },
            "tagsByResource": {
              "type": "object",
              "defaultValue": {}
            }
          },
          "variables": {
            "registrySecureValues": "[if(and(not(empty(parameters('registryPassword'))), not(empty(parameters('registryUsername')))), createArray(createObject('name', 'REGISTRY_PASSWORD', 'secureValue', parameters('registryPassword')), createObject('name', 'REGISTRY_USERNAME', 'secureValue', parameters('registryUsername'))), createArray())]",
            "azureFunctionAPIKeySecureValues": "[if(not(empty(parameters('azureFunctionAPIKey'))), createArray(createObject('name', 'AZURE_FUNCTION_API_KEY', 'secureValue', parameters('azureFunctionAPIKey'))), createArray())]",
            "servicePrincipalSecureValues": "[if(and(and(not(empty(parameters('servicePrincipalId'))), not(empty(parameters('servicePrincipalSecret')))), not(empty(parameters('tenantId')))), createArray(createObject('name', 'SERVICE_PRINCIPAL_ID', 'secureValue', parameters('servicePrincipalId')), createObject('name', 'SERVICE_PRINCIPAL_SECRET', 'secureValue', parameters('servicePrincipalSecret')), createObject('name', 'TENANT_ID', 'secureValue', parameters('tenantId'))), createArray())]",
            "combinedEnvironmentVariablesAndSecureValues": "[union(parameters('environmentVariables'), variables('registrySecureValues'), variables('azureFunctionAPIKeySecureValues'), variables('servicePrincipalSecureValues'))]"
          },
          "resources": [
            {
              "type": "Microsoft.Resources/deploymentScripts",
              "apiVersion": "2020-10-01",
              "name": "[parameters('name')]",
              "location": "[parameters('location')]",
              "kind": "AzureCLI",
              "tags": "[if(contains(parameters('tagsByResource'), 'Microsoft.Resources/deploymentScripts'), parameters('tagsByResource')['Microsoft.Resources/deploymentScripts'], createObject())]",
              "identity": {
                "type": "UserAssigned",
                "userAssignedIdentities": {
                  "[format('{0}', parameters('userAssignedIdentityId'))]": {}
                }
              },
              "properties": {
                "azCliVersion": "[parameters('azCliVersion')]",
                "cleanupPreference": "[parameters('cleanupPreference')]",
                "retentionInterval": "[parameters('retentionInterval')]",
                "scriptContent": "[parameters('scriptContent')]",
                "arguments": "[parameters('arguments')]",
                "environmentVariables": "[variables('combinedEnvironmentVariablesAndSecureValues')]"
              }
            }
          ],
          "outputs": {
            "data": {
              "type": "object",
              "value": "[if(contains(reference(resourceId('Microsoft.Resources/deploymentScripts', parameters('name')), '2020-10-01'), 'outputs'), reference(resourceId('Microsoft.Resources/deploymentScripts', parameters('name')), '2020-10-01').outputs, createObject())]"
            }
          }
        }
      }
    }
  ],
  "outputs": {
    "automationControllerUrl": {
      "type": "string",
      "value": "[reference(resourceId('Microsoft.Resources/deployments', 'automationControllerDeploymentScript'), '2022-09-01').outputs.data.value.url]"
    },
    "automationHubUrl": {
      "type": "string",
      "value": "[reference(resourceId('Microsoft.Resources/deployments', 'automationHubDeploymentScript'), '2022-09-01').outputs.data.value.url]"
    },
    "ssoUrl": {
      "type": "string",
      "value": "[reference(resourceId('Microsoft.Resources/deployments', 'keycloakDeploymentScript'), '2022-09-01').outputs.data.value.url]"
    }
  }
}