{
    "$schema": "https://schema.management.azure.com/schemas/2015-01-01/deploymentParameters.json#",
    "contentVersion": "1.0.0.0",
    "parameters": {
        "access": {
            "value": "public"
        },
        "adminPassword": {
            "value": null
        },
        "applicationResourceName": {
            "value": "SAPdemoAAP"
        },
        "disasterRecovery": {
            "value": false
        },
        "dnsServiceIP": {
            "value": "10.1.0.10"
        },
        "location": {
            "value": "eastus"
        },
        "podCidr": {
            "value": "10.244.0.0/20"
        },
        "serviceCidr": {
            "value": "10.1.0.0/26"
        },
        "tagsByResource": {
            "value": {}
        },
        "vnetConfig": {
            "value": {
                "name": "vnet01_doNotEditName",
                "resourceGroup": "openenv-g9p7j",
                "addressPrefixes": [
                    "10.0.0.0/20"
                ],
                "addressPrefix": "10.0.0.0/20",
                "newOrExisting": "new",
                "subnets": {
                    "aks": {
                        "name": "cluster_doNotEditName",
                        "addressPrefix": "10.0.0.0/26",
                        "startAddress": "10.0.0.4"
                    },
                    "appgw": {
                        "name": "appgw_doNotEditName",
                        "addressPrefix": "10.0.1.0/28",
                        "startAddress": "10.0.1.4"
                    },
                    "plink": {
                        "name": "private_link_doNotEditName",
                        "addressPrefix": "10.0.2.0/28",
                        "startAddress": "10.0.2.4"
                    },
                    "postgres": {
                        "name": "database_doNotEditName",
                        "addressPrefix": "10.0.3.0/28",
                        "startAddress": "10.0.3.4"
                    }
                }
            }
        },
        "managedResourceGroupId": {
            "value": "/subscriptions/a6146403-3256-4e07-8d93-2574db310783/resourceGroups/mrg-rhaapomsa-20230810081829"
        }
    }
}