{
    "$schema": "https://schema.management.azure.com/schemas/2015-01-01/deploymentTemplate.json#",
    "contentVersion": "1.0.0.0",
    "parameters": {
        "aapName": {
            "defaultValue": "[format('aap{0}', uniqueString(utcNow('yyyyMMddHHmmssffffff'), resourceGroup().id))]",
            "type": "string"
        },
        "access": {
            "defaultValue": "",
            "type": "string"
        },
        "adminPassword": {
            "defaultValue": "",
            "type": "securestring"
        },
        "crossTenantRoleAssignment": {
            "defaultValue": true,
            "metadata": {
                "description": "Enable cross tenant support for role assignments"
            },
            "type": "bool"
        },
        "disasterRecovery": {
            "defaultValue": false,
            "type": "bool"
        },
        "dnsServiceIP": {
            "type": "string"
        },
        "engineAutoRetrySteps": {
            "defaultValue": false,
            "type": "bool"
        },
        "engineContainerImage": {
            "defaultValue": "registry.redhat.io/ansible-on-clouds/aoc-azure-aap-installer-rhel9:latest",
            "type": "string"
        },
        "engineSaveContainer": {
            "defaultValue": false,
            "type": "bool"
        },
        "engineTemplateUrl": {
            "defaultValue": "https://rhaap.blob.core.windows.net/templates/templates_1.1.zip",
            "type": "string"
        },
        "location": {
            "defaultValue": "",
            "metadata": {
                "description": "Location for resource deployment"
            },
            "type": "string"
        },
        "operatorsChannel": {
            "defaultValue": "stable-2.4-cluster-scoped",
            "type": "string"
        },
        "operatorsIndex": {
            "defaultValue": "registry.redhat.io/redhat/redhat-operator-index:v4.11",
            "type": "string"
        },
        "podCidr": {
            "type": "string"
        },
        "serviceCidr": {
            "type": "string"
        },
        "starttime": {
            "defaultValue": "[utcNow()]",
            "type": "string"
        },
        "tagsByResource": {
            "defaultValue": {},
            "type": "object"
        },
        "vmSize": {
            "defaultValue": "Standard_D4s_v3",
            "type": "string"
        },
        "vnetConfig": {
            "defaultValue": {},
            "type": "object"
        },
        "applicationResourceName": {
            "type": "string",
            "defaultValue": "1503c1089f2c435e9cb72f67210fae76"
        },
        "managedResourceGroupId": {
            "type": "string",
            "defaultValue": ""
        },
        "managedIdentity": {
            "type": "object",
            "defaultValue": {}
        }
    },
    "variables": {
        "managedResourceGroupId": "[if(empty(parameters('managedResourceGroupId')),concat(subscription().id,'/resourceGroups/',take(concat(resourceGroup().name,'-',uniquestring(resourceGroup().id),uniquestring(parameters('applicationResourceName'))),90)),parameters('managedResourceGroupId'))]"
    },
    "resources": [
        {
            "type": "Microsoft.Solutions/applications",
            "apiVersion": "2021-07-01",
            "location": "[resourceGroup().Location]",
            "kind": "MarketPlace",
            "name": "[parameters('applicationResourceName')]",
            "plan": {
                "name": "rh-aap-azure0int-z1",
                "product": "rhaapomsa",
                "publisher": "redhat",
                "version": "1.1.0"
            },
            "identity": "[if(empty(parameters('managedIdentity')),json('null'),parameters('managedIdentity'))]",
            "properties": {
                "managedResourceGroupId": "[variables('managedResourceGroupId')]",
                "parameters": {
                    "aapName": {
                        "value": "[parameters('aapName')]"
                    },
                    "access": {
                        "value": "[parameters('access')]"
                    },
                    "adminPassword": {
                        "value": "[parameters('adminPassword')]"
                    },
                    "crossTenantRoleAssignment": {
                        "value": "[parameters('crossTenantRoleAssignment')]"
                    },
                    "disasterRecovery": {
                        "value": "[parameters('disasterRecovery')]"
                    },
                    "dnsServiceIP": {
                        "value": "[parameters('dnsServiceIP')]"
                    },
                    "engineAutoRetrySteps": {
                        "value": "[parameters('engineAutoRetrySteps')]"
                    },
                    "engineContainerImage": {
                        "value": "[parameters('engineContainerImage')]"
                    },
                    "engineSaveContainer": {
                        "value": "[parameters('engineSaveContainer')]"
                    },
                    "engineTemplateUrl": {
                        "value": "[parameters('engineTemplateUrl')]"
                    },
                    "location": {
                        "value": "[parameters('location')]"
                    },
                    "operatorsChannel": {
                        "value": "[parameters('operatorsChannel')]"
                    },
                    "operatorsIndex": {
                        "value": "[parameters('operatorsIndex')]"
                    },
                    "podCidr": {
                        "value": "[parameters('podCidr')]"
                    },
                    "serviceCidr": {
                        "value": "[parameters('serviceCidr')]"
                    },
                    "starttime": {
                        "value": "[parameters('starttime')]"
                    },
                    "tagsByResource": {
                        "value": "[parameters('tagsByResource')]"
                    },
                    "vmSize": {
                        "value": "[parameters('vmSize')]"
                    },
                    "vnetConfig": {
                        "value": "[parameters('vnetConfig')]"
                    }
                },
                "jitAccessPolicy": null
            }
        }
    ]
}