{
  "$schema": "https://schema.management.azure.com/schemas/2019-04-01/deploymentTemplate.json#",
  "contentVersion": "1.0.0.0",
  "metadata": {
    "_generator": {
      "name": "bicep",
      "version": "0.18.4.5664",
      "templateHash": "963555410781848486"
    }
  },
  "parameters": {
    "name": {
      "type": "string",
      "defaultValue": ""
    },
    "location": {
      "type": "string",
      "defaultValue": ""
    },
    "appgwSubnetId": {
      "type": "string",
      "defaultValue": ""
    },
    "nodeResourceGroup": {
      "type": "string",
      "defaultValue": ""
    },
    "logAnalyticsWorkspaceResourceID": {
      "type": "string",
      "defaultValue": ""
    },
    "vnetName": {
      "type": "string",
      "defaultValue": ""
    },
    "aksSubnetName": {
      "type": "string",
      "defaultValue": ""
    },
    "appGatewaySubnetName": {
      "type": "string",
      "defaultValue": ""
    },
    "aksName": {
      "type": "string",
      "defaultValue": ""
    },
    "userAssignedIdentityId": {
      "type": "string",
      "defaultValue": ""
    },
    "publicDnsZoneName": {
      "type": "string",
      "defaultValue": ""
    },
    "access": {
      "type": "string",
      "defaultValue": ""
    },
    "crossTenantRoleAssignment": {
      "type": "bool",
      "defaultValue": false
    },
    "tagsByResource": {
      "type": "object",
      "defaultValue": {}
    },
    "servicePrincipalId": {
      "type": "securestring",
      "defaultValue": ""
    },
    "servicePrincipalSecret": {
      "type": "securestring",
      "defaultValue": ""
    },
    "tenantId": {
      "type": "securestring",
      "defaultValue": ""
    }
  },
  "resources": [
    {
      "condition": "[equals(toLower(parameters('access')), 'public')]",
      "type": "Microsoft.Resources/deployments",
      "apiVersion": "2022-09-01",
      "name": "applicationGateways",
      "properties": {
        "expressionEvaluationOptions": {
          "scope": "inner"
        },
        "mode": "Incremental",
        "parameters": {
          "name": {
            "value": "[parameters('name')]"
          },
          "location": {
            "value": "[parameters('location')]"
          },
          "appgwSubnetId": {
            "value": "[parameters('appgwSubnetId')]"
          },
          "logAnalyticsWorkspaceResourceID": {
            "value": "[parameters('logAnalyticsWorkspaceResourceID')]"
          },
          "userAssignedIdentityId": {
            "value": "[parameters('userAssignedIdentityId')]"
          },
          "servicePrincipalId": {
            "value": "[parameters('servicePrincipalId')]"
          },
          "servicePrincipalSecret": {
            "value": "[parameters('servicePrincipalSecret')]"
          },
          "tenantId": {
            "value": "[parameters('tenantId')]"
          },
          "nodeResourceGroup": {
            "value": "[parameters('nodeResourceGroup')]"
          },
          "aksName": {
            "value": "[parameters('aksName')]"
          },
          "aksSubnetName": {
            "value": "[parameters('aksSubnetName')]"
          },
          "appGatewaySubnetName": {
            "value": "[parameters('appGatewaySubnetName')]"
          },
          "publicDnsZoneName": {
            "value": "[parameters('publicDnsZoneName')]"
          },
          "vnetName": {
            "value": "[parameters('vnetName')]"
          },
          "crossTenantRoleAssignment": {
            "value": "[parameters('crossTenantRoleAssignment')]"
          },
          "tagsByResource": {
            "value": "[parameters('tagsByResource')]"
          }
        },
        "template": {
          "$schema": "https://schema.management.azure.com/schemas/2019-04-01/deploymentTemplate.json#",
          "contentVersion": "1.0.0.0",
          "metadata": {
            "_generator": {
              "name": "bicep",
              "version": "0.18.4.5664",
              "templateHash": "2631070957244071113"
            }
          },
          "parameters": {
            "name": {
              "type": "string",
              "defaultValue": ""
            },
            "location": {
              "type": "string",
              "defaultValue": ""
            },
            "appgwSubnetId": {
              "type": "string",
              "defaultValue": ""
            },
            "nodeResourceGroup": {
              "type": "string",
              "defaultValue": ""
            },
            "logAnalyticsWorkspaceResourceID": {
              "type": "string"
            },
            "userAssignedIdentityId": {
              "type": "string",
              "defaultValue": ""
            },
            "vnetName": {
              "type": "string",
              "defaultValue": ""
            },
            "aksSubnetName": {
              "type": "string",
              "defaultValue": ""
            },
            "appGatewaySubnetName": {
              "type": "string",
              "defaultValue": ""
            },
            "aksName": {
              "type": "string",
              "defaultValue": ""
            },
            "publicDnsZoneName": {
              "type": "string",
              "defaultValue": ""
            },
            "servicePrincipalId": {
              "type": "securestring",
              "defaultValue": ""
            },
            "servicePrincipalSecret": {
              "type": "securestring",
              "defaultValue": ""
            },
            "tenantId": {
              "type": "securestring",
              "defaultValue": ""
            },
            "crossTenantRoleAssignment": {
              "type": "bool",
              "defaultValue": false
            },
            "tagsByResource": {
              "type": "object",
              "defaultValue": {}
            }
          },
          "variables": {
            "$fxv#0": "#!/usr/bin/env bash\nset -e\n\nRESOURCE_GROUP=${RESOURCE_GROUP:-''}\nPUBLIC_IP_NAME=${PUBLIC_IP_NAME:=''}\nPUBLIC_IP_LOCATION=${PUBLIC_IP_LOCATION:=''}\n\nif [[ -z \"${RESOURCE_GROUP}\" ]]; then\n    echo \"$0: Environment variable RESOURCE_GROUP must be specified\"\n    exit 1\nfi\n\nif [[ -z \"${PUBLIC_IP_NAME}\" ]]; then\n    echo \"$0: Environment variable PUBLIC_IP_NAME must be specified\"\n    exit 1\nfi\n\nif [[ -z \"${PUBLIC_IP_LOCATION}\" ]]; then\n    echo \"$0: Environment variable PUBLIC_IP_LOCATION must be specified\"\n    exit 1\nfi\n\nQUERY_STRING=\"[?name=='${PUBLIC_IP_NAME}' && location=='${PUBLIC_IP_LOCATION}' && provisioningState=='Succeeded']\"\nCURRENT_IP_ID=$(az network public-ip list -g \"${RESOURCE_GROUP}\" --query \"${QUERY_STRING}.id\" -o tsv)\n\nif [ -z \"${CURRENT_IP_ID}\" ]; then\n  az network public-ip create -n \"${PUBLIC_IP_NAME}\" -g \"${RESOURCE_GROUP}\" -l \"${PUBLIC_IP_LOCATION}\" \\\n  --sku Standard --tier Regional --version IPv4 --allocation-method Static --idle-timeout 30\nfi\n\n# Query the pulic IP and report it back in output file (env variable set by Azure)\naz network public-ip list -g \"${RESOURCE_GROUP}\" --query \"${QUERY_STRING}.{id:id,name:name,ip:ipAddress,status:provisioningState}[0]\" > \"${AZ_SCRIPTS_OUTPUT_PATH}\"\n",
            "$fxv#1": "#!/usr/bin/env bash\n# Configure the Application Gateway\nset -e\nset -u\n\n# Echo env vars in use and fail if not present\necho \"Environment Variables:\"\necho  \"             AKS_RESOURCE_GROUP: $AKS_RESOURCE_GROUP\"\necho  \" PUBLIC_DNS_ZONE_RESOURCE_GROUP: $PUBLIC_DNS_ZONE_RESOURCE_GROUP\"\necho  \"                       AKS_NAME: $AKS_NAME\"\necho  \"                 APP_GATEWAY_ID: $APP_GATEWAY_ID\"\necho  \"           PUBLIC_DNS_ZONE_NAME: $PUBLIC_DNS_ZONE_NAME\"\necho  \"       APP_GATEWAY_PUBLIC_IP_ID: $APP_GATEWAY_PUBLIC_IP_ID\"\necho  \"                      VNET_NAME: $VNET_NAME\"\necho  \"                AKS_SUBNET_NAME: $AKS_SUBNET_NAME\"\necho  \"        APP_GATEWAY_SUBNET_NAME: $APP_GATEWAY_SUBNET_NAME\"\n\n\naz extension add --name aks-preview --yes\n\n# Update the appgw subnet to use the aks route table\nROUTE_TABLE_ID=$(az network vnet subnet show \\\n     --vnet-name \"${VNET_NAME}\" \\\n     --resource-group \"${AKS_RESOURCE_GROUP}\" \\\n     --name \"${AKS_SUBNET_NAME}\" --output tsv --query 'routeTable.id')\naz network vnet subnet update \\\n    --vnet-name \"${VNET_NAME}\" \\\n    --resource-group \"${AKS_RESOURCE_GROUP}\" \\\n    --name \"${APP_GATEWAY_SUBNET_NAME}\" \\\n    --route-table \"${ROUTE_TABLE_ID}\"\n\n# Enable the Application Gateway Ingress Controller (AGIC)\nINGRESS_ENABLED=$(az aks addon list -n \"${AKS_NAME}\" -g \"${AKS_RESOURCE_GROUP}\" --query \"[?name=='ingress-appgw'].enabled\" -o tsv)\nif [ \"${INGRESS_ENABLED}\" == \"true\" ]; then\n    echo \"ingress-appgw already applied\"\nelse\n    az aks addon enable --addon ingress-appgw \\\n    --name \"${AKS_NAME}\" \\\n    --resource-group \"${AKS_RESOURCE_GROUP}\" \\\n    --appgw-id \"${APP_GATEWAY_ID}\"\nfi\n\nAPPGW_RECORD_SET_NAME=\"appgw\"\n\n# Create an alias record for the app gateway public IP address\naz network dns record-set a create \\\n    --name \"${APPGW_RECORD_SET_NAME}\" \\\n    --target-resource \"${APP_GATEWAY_PUBLIC_IP_ID}\" \\\n    --resource-group \"${PUBLIC_DNS_ZONE_RESOURCE_GROUP}\" \\\n    --zone-name \"${PUBLIC_DNS_ZONE_NAME}\"\n\n# Create a CNAME record for each subdomain\nfor ingress in hub controller sso aap\ndo\n    az network dns record-set cname set-record \\\n        --record-set-name \"${ingress}\" \\\n        --cname \"${APPGW_RECORD_SET_NAME}.${PUBLIC_DNS_ZONE_NAME}\" \\\n        --resource-group \"${PUBLIC_DNS_ZONE_RESOURCE_GROUP}\" \\\n        --zone-name \"${PUBLIC_DNS_ZONE_NAME}\"\ndone\n",
            "$fxv#2": "#!/usr/bin/env bash\nset -e\n\nAKS_NAME=${AKS_NAME:-''}\nAPPGW_SUBNET_ID=${APPGW_SUBNET_ID:-''}\nNODE_POOL_RESOURCE_GROUP=${NODE_POOL_RESOURCE_GROUP:-''}\nRESOURCE_GROUP=${RESOURCE_GROUP:-''}\nSERVICE_PRINCIPAL_ID=${SERVICE_PRINCIPAL_ID:=''}\nSERVICE_PRINCIPAL_SECRET=${SERVICE_PRINCIPAL_SECRET:=''}\nSUBSCRIPTION_ID=${SUBSCRIPTION_ID:=''}\nTENANT_ID=${TENANT_ID:=''}\nCROSS_TENANT_ROLE_ASSIGNMENT=${CROSS_TENANT_ROLE_ASSIGNMENT:=false}\n\nif [[ -z \"${AKS_NAME}\" ]]; then\n    echo \"$0: Environment variable AKS_NAME must be specified\"\n    exit 1\nfi\n\nif [[ -z \"${APPGW_SUBNET_ID}\" ]]; then\n    echo \"$0: Environment variable APPGW_SUBNET_ID must be specified\"\n    exit 1\nfi\n\nif [[ -z \"${NODE_POOL_RESOURCE_GROUP}\" ]]; then\n    echo \"$0: Environment variable NODE_POOL_RESOURCE_GROUP must be specified\"\n    exit 1\nfi\n\nif [[ -z \"${RESOURCE_GROUP}\" ]]; then\n    echo \"$0: Environment variable RESOURCE_GROUP must be specified\"\n    exit 1\nfi\n\nif [[ -z \"${SERVICE_PRINCIPAL_ID}\" ]]; then\n    echo \"$0: Environment variable SERVICE_PRINCIPAL_ID must be specified\"\n    exit 1\nfi\n\nif [[ -z \"${SERVICE_PRINCIPAL_SECRET}\" ]]; then\n    echo \"$0: Environment variable SERVICE_PRINCIPAL_SECRET must be specified\"\n    exit 1\nfi\n\nif [[ -z \"${SUBSCRIPTION_ID}\" ]]; then\n    echo \"$0: Environment variable SUBSCRIPTION_ID must be specified\"\n    exit 1\nfi\n\nif [[ -z \"${TENANT_ID}\" ]]; then\n    echo \"$0: Environment variable TENANT_ID must be specified\"\n    exit 1\nfi\n\nif [[ -z \"${CROSS_TENANT_ROLE_ASSIGNMENT}\" ]]; then\n    echo \"$0: Environment variable CROSS_TENANT_ROLE_ASSIGNMENT must be specified\"\n    exit 1\nfi\n\n# https://docs.microsoft.com/en-us/azure/role-based-access-control/built-in-roles\n#   \"4d97b98b-1d4f-4787-a291-c67834d212e7\" Network Contributor\n# The full id is needed, not just the name.\nROLE_ASSIGNMENTS=(\n    \"/subscriptions/${SUBSCRIPTION_ID}/providers/Microsoft.Authorization/roleDefinitions/4d97b98b-1d4f-4787-a291-c67834d212e7\"\n)\n\n# Note the escaped \\$ to avoid the current bash script from trying to expand a variable that doesn't exist.\ncat << EOF > appGwIdentityRoleAssignment.json\n{\n    \"\\$schema\": \"https://schema.management.azure.com/schemas/2019-04-01/deploymentTemplate.json#\",\n    \"contentVersion\": \"1.0.0.0\",\n    \"parameters\": {\n        \"principalId\": {\n            \"type\": \"string\"\n        },\n        \"principalType\": {\n            \"type\": \"string\"\n        },\n        \"roleDefinitionId\": {\n            \"type\": \"string\"\n        },\n        \"scope\": {\n            \"type\": \"string\"\n        },\n        \"delegatedManagedIdentityResourceId\": {\n            \"type\": \"string\"\n        }\n    },\n    \"resources\": [\n        {\n            \"type\": \"Microsoft.Authorization/roleAssignments\",\n            \"apiVersion\": \"2021-04-01-preview\",\n            \"name\": \"[guid(concat(parameters('principalId'),parameters('roleDefinitionId'),parameters('scope')))]\",\n            \"scope\": \"[parameters('scope')]\",\n            \"properties\": {\n                \"principalId\": \"[parameters('principalId')]\",\n                \"principalType\": \"[parameters('principalType')]\",\n                \"roleDefinitionId\": \"[parameters('roleDefinitionId')]\",\n                \"delegatedManagedIdentityResourceId\": \"[if(empty(parameters('delegatedManagedIdentityResourceId')),json('null'),parameters('delegatedManagedIdentityResourceId'))]\"\n            }\n        }\n    ]\n}\nEOF\n\naz login --service-principal --username \"${SERVICE_PRINCIPAL_ID}\" --password \"${SERVICE_PRINCIPAL_SECRET}\" --tenant \"${TENANT_ID}\"\naz account set --subscription \"${SUBSCRIPTION_ID}\"\n\nAPPGW_IDENTITY_GUID=$(az aks show -n \"${AKS_NAME}\" -g \"${RESOURCE_GROUP}\" --subscription \"${SUBSCRIPTION_ID}\" -o tsv --query \"addonProfiles.ingressApplicationGateway.identity.objectId\")\nAPPGW_IDENTITY_RESOURCE_ID=$(az aks show -n \"${AKS_NAME}\" -g \"${RESOURCE_GROUP}\" --subscription \"${SUBSCRIPTION_ID}\" -o tsv --query \"addonProfiles.ingressApplicationGateway.identity.resourceId\")\n\nif [ \"${CROSS_TENANT_ROLE_ASSIGNMENT}\" == \"True\" ]; then\n   DELEGATED_ID=\"${APPGW_IDENTITY_RESOURCE_ID}\"\nelse\n   DELEGATED_ID=\"\"\nfi\n\n# If it fails, try normal user assigned identity for the delegated one (needs to be full ID of app gw user)\n# Scope can/should be MRG\nfor i in \"${!ROLE_ASSIGNMENTS[@]}\"; do\n    az deployment group create --resource-group \"${RESOURCE_GROUP}\" --name \"appGwIdentityRoleAssignment${i}\" --template-file appGwIdentityRoleAssignment.json --parameters principalId=\"${APPGW_IDENTITY_GUID}\" principalType=\"ServicePrincipal\" roleDefinitionId=\"${ROLE_ASSIGNMENTS[$i]}\" scope=\"${APPGW_SUBNET_ID}\" delegatedManagedIdentityResourceId=\"${DELEGATED_ID}\"\ndone\n",
            "applicationGatewayName": "[format('appgw-{0}-{1}', parameters('name'), parameters('location'))]",
            "applicationGatewayIpName": "[format('publicip-{0}', variables('applicationGatewayName'))]"
          },
          "resources": [
            {
              "type": "Microsoft.Resources/deployments",
              "apiVersion": "2022-09-01",
              "name": "appGwPublicIPDeploymentScript",
              "properties": {
                "expressionEvaluationOptions": {
                  "scope": "inner"
                },
                "mode": "Incremental",
                "parameters": {
                  "name": {
                    "value": "[format('ds-prepare-app-gateway-public-ip-{0}', parameters('location'))]"
                  },
                  "location": {
                    "value": "[parameters('location')]"
                  },
                  "scriptContent": {
                    "value": "[variables('$fxv#0')]"
                  },
                  "userAssignedIdentityId": {
                    "value": "[parameters('userAssignedIdentityId')]"
                  },
                  "environmentVariables": {
                    "value": [
                      {
                        "name": "RESOURCE_GROUP",
                        "value": "[parameters('nodeResourceGroup')]"
                      },
                      {
                        "name": "SUBSCRIPTION_ID",
                        "value": "[subscription().subscriptionId]"
                      },
                      {
                        "name": "PUBLIC_IP_NAME",
                        "value": "[variables('applicationGatewayIpName')]"
                      },
                      {
                        "name": "PUBLIC_IP_LOCATION",
                        "value": "[parameters('location')]"
                      }
                    ]
                  },
                  "servicePrincipalId": {
                    "value": "[parameters('servicePrincipalId')]"
                  },
                  "servicePrincipalSecret": {
                    "value": "[parameters('servicePrincipalSecret')]"
                  },
                  "tenantId": {
                    "value": "[parameters('tenantId')]"
                  }
                },
                "template": {
                  "$schema": "https://schema.management.azure.com/schemas/2019-04-01/deploymentTemplate.json#",
                  "contentVersion": "1.0.0.0",
                  "metadata": {
                    "_generator": {
                      "name": "bicep",
                      "version": "0.18.4.5664",
                      "templateHash": "3001068398413510809"
                    }
                  },
                  "parameters": {
                    "arguments": {
                      "type": "string",
                      "defaultValue": ""
                    },
                    "azCliVersion": {
                      "type": "string",
                      "defaultValue": "2.40.0"
                    },
                    "azureFunctionAPIKey": {
                      "type": "securestring",
                      "defaultValue": ""
                    },
                    "cleanupPreference": {
                      "type": "string",
                      "defaultValue": "Always",
                      "allowedValues": [
                        "Always",
                        "OnExpiration",
                        "OnSuccess"
                      ]
                    },
                    "environmentVariables": {
                      "type": "array",
                      "defaultValue": []
                    },
                    "location": {
                      "type": "string",
                      "defaultValue": ""
                    },
                    "name": {
                      "type": "string",
                      "defaultValue": ""
                    },
                    "registryPassword": {
                      "type": "securestring",
                      "defaultValue": ""
                    },
                    "registryUsername": {
                      "type": "securestring",
                      "defaultValue": ""
                    },
                    "retentionInterval": {
                      "type": "string",
                      "defaultValue": "P1D"
                    },
                    "scriptContent": {
                      "type": "string",
                      "defaultValue": ""
                    },
                    "servicePrincipalId": {
                      "type": "securestring",
                      "defaultValue": ""
                    },
                    "servicePrincipalSecret": {
                      "type": "securestring",
                      "defaultValue": ""
                    },
                    "tenantId": {
                      "type": "securestring",
                      "defaultValue": ""
                    },
                    "userAssignedIdentityId": {
                      "type": "string",
                      "defaultValue": ""
                    },
                    "tagsByResource": {
                      "type": "object",
                      "defaultValue": {}
                    }
                  },
                  "variables": {
                    "registrySecureValues": "[if(and(not(empty(parameters('registryPassword'))), not(empty(parameters('registryUsername')))), createArray(createObject('name', 'REGISTRY_PASSWORD', 'secureValue', parameters('registryPassword')), createObject('name', 'REGISTRY_USERNAME', 'secureValue', parameters('registryUsername'))), createArray())]",
                    "azureFunctionAPIKeySecureValues": "[if(not(empty(parameters('azureFunctionAPIKey'))), createArray(createObject('name', 'AZURE_FUNCTION_API_KEY', 'secureValue', parameters('azureFunctionAPIKey'))), createArray())]",
                    "servicePrincipalSecureValues": "[if(and(and(not(empty(parameters('servicePrincipalId'))), not(empty(parameters('servicePrincipalSecret')))), not(empty(parameters('tenantId')))), createArray(createObject('name', 'SERVICE_PRINCIPAL_ID', 'secureValue', parameters('servicePrincipalId')), createObject('name', 'SERVICE_PRINCIPAL_SECRET', 'secureValue', parameters('servicePrincipalSecret')), createObject('name', 'TENANT_ID', 'secureValue', parameters('tenantId'))), createArray())]",
                    "combinedEnvironmentVariablesAndSecureValues": "[union(parameters('environmentVariables'), variables('registrySecureValues'), variables('azureFunctionAPIKeySecureValues'), variables('servicePrincipalSecureValues'))]"
                  },
                  "resources": [
                    {
                      "type": "Microsoft.Resources/deploymentScripts",
                      "apiVersion": "2020-10-01",
                      "name": "[parameters('name')]",
                      "location": "[parameters('location')]",
                      "kind": "AzureCLI",
                      "tags": "[if(contains(parameters('tagsByResource'), 'Microsoft.Resources/deploymentScripts'), parameters('tagsByResource')['Microsoft.Resources/deploymentScripts'], createObject())]",
                      "identity": {
                        "type": "UserAssigned",
                        "userAssignedIdentities": {
                          "[format('{0}', parameters('userAssignedIdentityId'))]": {}
                        }
                      },
                      "properties": {
                        "azCliVersion": "[parameters('azCliVersion')]",
                        "cleanupPreference": "[parameters('cleanupPreference')]",
                        "retentionInterval": "[parameters('retentionInterval')]",
                        "scriptContent": "[parameters('scriptContent')]",
                        "arguments": "[parameters('arguments')]",
                        "environmentVariables": "[variables('combinedEnvironmentVariablesAndSecureValues')]"
                      }
                    }
                  ],
                  "outputs": {
                    "data": {
                      "type": "object",
                      "value": "[if(contains(reference(resourceId('Microsoft.Resources/deploymentScripts', parameters('name')), '2020-10-01'), 'outputs'), reference(resourceId('Microsoft.Resources/deploymentScripts', parameters('name')), '2020-10-01').outputs, createObject())]"
                    }
                  }
                }
              }
            },
            {
              "type": "Microsoft.Resources/deployments",
              "apiVersion": "2022-09-01",
              "name": "applicationGatewayDeploy",
              "resourceGroup": "[parameters('nodeResourceGroup')]",
              "properties": {
                "expressionEvaluationOptions": {
                  "scope": "inner"
                },
                "mode": "Incremental",
                "parameters": {
                  "name": {
                    "value": "[variables('applicationGatewayName')]"
                  },
                  "location": {
                    "value": "[parameters('location')]"
                  },
                  "appgwSubnetId": {
                    "value": "[parameters('appgwSubnetId')]"
                  },
                  "publicIPAddressId": {
                    "value": "[reference(resourceId('Microsoft.Resources/deployments', 'appGwPublicIPDeploymentScript'), '2022-09-01').outputs.data.value.id]"
                  },
                  "logAnalyticsWorkspaceResourceID": {
                    "value": "[parameters('logAnalyticsWorkspaceResourceID')]"
                  },
                  "tagsByResource": {
                    "value": "[parameters('tagsByResource')]"
                  }
                },
                "template": {
                  "$schema": "https://schema.management.azure.com/schemas/2019-04-01/deploymentTemplate.json#",
                  "contentVersion": "1.0.0.0",
                  "metadata": {
                    "_generator": {
                      "name": "bicep",
                      "version": "0.18.4.5664",
                      "templateHash": "3428676002238917100"
                    }
                  },
                  "parameters": {
                    "name": {
                      "type": "string"
                    },
                    "location": {
                      "type": "string"
                    },
                    "appgwSubnetId": {
                      "type": "string"
                    },
                    "publicIPAddressId": {
                      "type": "string"
                    },
                    "logAnalyticsWorkspaceResourceID": {
                      "type": "string"
                    },
                    "tagsByResource": {
                      "type": "object",
                      "defaultValue": {}
                    }
                  },
                  "resources": [
                    {
                      "type": "Microsoft.Network/applicationGateways",
                      "apiVersion": "2021-05-01",
                      "name": "[parameters('name')]",
                      "location": "[parameters('location')]",
                      "tags": "[if(contains(parameters('tagsByResource'), 'Microsoft.Network/applicationGateways'), parameters('tagsByResource')['Microsoft.Network/applicationGateways'], createObject())]",
                      "properties": {
                        "autoscaleConfiguration": {
                          "maxCapacity": 10,
                          "minCapacity": 0
                        },
                        "sku": {
                          "name": "WAF_v2",
                          "tier": "WAF_v2"
                        },
                        "gatewayIPConfigurations": [
                          {
                            "name": "appGatewayIpConfig",
                            "properties": {
                              "subnet": {
                                "id": "[parameters('appgwSubnetId')]"
                              }
                            }
                          }
                        ],
                        "backendAddressPools": [
                          {
                            "name": "defaultaddresspool"
                          }
                        ],
                        "backendHttpSettingsCollection": [
                          {
                            "name": "defaulthttpsetting",
                            "properties": {
                              "cookieBasedAffinity": "Disabled",
                              "pickHostNameFromBackendAddress": false,
                              "port": 80,
                              "protocol": "Http",
                              "requestTimeout": 30
                            }
                          }
                        ],
                        "frontendIPConfigurations": [
                          {
                            "name": "appGatewayPublicFrontendIp",
                            "properties": {
                              "privateIPAllocationMethod": "Dynamic",
                              "publicIPAddress": {
                                "id": "[parameters('publicIPAddressId')]"
                              }
                            }
                          }
                        ],
                        "frontendPorts": [
                          {
                            "name": "port_80",
                            "properties": {
                              "port": 80
                            }
                          }
                        ],
                        "httpListeners": [
                          {
                            "name": "defaultlistener",
                            "properties": {
                              "frontendIPConfiguration": {
                                "id": "[resourceId('Microsoft.Network/applicationGateways/frontendIPConfigurations', parameters('name'), 'appGatewayPublicFrontendIp')]"
                              },
                              "frontendPort": {
                                "id": "[resourceId('Microsoft.Network/applicationGateways/frontendPorts', parameters('name'), 'port_80')]"
                              },
                              "protocol": "Http",
                              "requireServerNameIndication": false
                            }
                          }
                        ],
                        "requestRoutingRules": [
                          {
                            "name": "defaultroutingrule",
                            "properties": {
                              "ruleType": "Basic",
                              "httpListener": {
                                "id": "[resourceId('Microsoft.Network/applicationGateways/httpListeners', parameters('name'), 'defaultlistener')]"
                              },
                              "backendAddressPool": {
                                "id": "[resourceId('Microsoft.Network/applicationGateways/backendAddressPools', parameters('name'), 'defaultaddresspool')]"
                              },
                              "backendHttpSettings": {
                                "id": "[resourceId('Microsoft.Network/applicationGateways/backendHttpSettingsCollection', parameters('name'), 'defaulthttpsetting')]"
                              }
                            }
                          }
                        ],
                        "firewallPolicy": {
                          "id": "[reference(resourceId('Microsoft.Resources/deployments', 'applicationGatewayWAFPolicy'), '2022-09-01').outputs.id.value]"
                        },
                        "sslPolicy": {
                          "policyType": "Predefined",
                          "policyName": "AppGwSslPolicy20170401S"
                        }
                      },
                      "dependsOn": [
                        "[resourceId('Microsoft.Resources/deployments', 'applicationGatewayWAFPolicy')]"
                      ]
                    },
                    {
                      "condition": "[not(empty(parameters('logAnalyticsWorkspaceResourceID')))]",
                      "type": "Microsoft.Insights/diagnosticSettings",
                      "apiVersion": "2021-05-01-preview",
                      "scope": "[format('Microsoft.Network/applicationGateways/{0}', parameters('name'))]",
                      "name": "[format('{0}Logging', parameters('name'))]",
                      "properties": {
                        "logs": [
                          {
                            "category": "ApplicationGatewayFirewallLog",
                            "enabled": true
                          },
                          {
                            "category": "ApplicationGatewayAccessLog",
                            "enabled": true
                          },
                          {
                            "category": "ApplicationGatewayPerformanceLog",
                            "enabled": true
                          }
                        ],
                        "metrics": [
                          {
                            "category": "AllMetrics",
                            "enabled": true
                          }
                        ],
                        "workspaceId": "[parameters('logAnalyticsWorkspaceResourceID')]"
                      },
                      "dependsOn": [
                        "[resourceId('Microsoft.Network/applicationGateways', parameters('name'))]"
                      ]
                    },
                    {
                      "type": "Microsoft.Resources/deployments",
                      "apiVersion": "2022-09-01",
                      "name": "applicationGatewayWAFPolicy",
                      "properties": {
                        "expressionEvaluationOptions": {
                          "scope": "inner"
                        },
                        "mode": "Incremental",
                        "parameters": {
                          "name": {
                            "value": "[parameters('name')]"
                          },
                          "location": {
                            "value": "[parameters('location')]"
                          }
                        },
                        "template": {
                          "$schema": "https://schema.management.azure.com/schemas/2019-04-01/deploymentTemplate.json#",
                          "contentVersion": "1.0.0.0",
                          "metadata": {
                            "_generator": {
                              "name": "bicep",
                              "version": "0.18.4.5664",
                              "templateHash": "7310857455073777480"
                            }
                          },
                          "parameters": {
                            "name": {
                              "type": "string",
                              "defaultValue": ""
                            },
                            "location": {
                              "type": "string",
                              "defaultValue": ""
                            }
                          },
                          "resources": [
                            {
                              "type": "Microsoft.Network/ApplicationGatewayWebApplicationFirewallPolicies",
                              "apiVersion": "2021-05-01",
                              "name": "[format('{0}-DefaultWAFPolicy', parameters('name'))]",
                              "location": "[parameters('location')]",
                              "properties": {
                                "policySettings": {
                                  "fileUploadLimitInMb": 4000,
                                  "maxRequestBodySizeInKb": 2000,
                                  "mode": "Prevention",
                                  "requestBodyCheck": false,
                                  "state": "Enabled"
                                },
                                "managedRules": {
                                  "exclusions": [
                                    {
                                      "matchVariable": "RequestCookieNames",
                                      "selectorMatchOperator": "Equals",
                                      "selector": "current_user"
                                    },
                                    {
                                      "matchVariable": "RequestHeaderNames",
                                      "selectorMatchOperator": "Equals",
                                      "selector": "User-Agent"
                                    }
                                  ],
                                  "managedRuleSets": [
                                    {
                                      "ruleSetType": "OWASP",
                                      "ruleSetVersion": "3.2",
                                      "ruleGroupOverrides": [
                                        {
                                          "ruleGroupName": "REQUEST-920-PROTOCOL-ENFORCEMENT",
                                          "rules": [
                                            {
                                              "ruleId": "920100",
                                              "state": "Disabled"
                                            },
                                            {
                                              "ruleId": "920170",
                                              "state": "Disabled"
                                            },
                                            {
                                              "ruleId": "920300",
                                              "state": "Disabled"
                                            },
                                            {
                                              "ruleId": "920320",
                                              "state": "Disabled"
                                            },
                                            {
                                              "ruleId": "920470",
                                              "state": "Disabled"
                                            },
                                            {
                                              "ruleId": "920420",
                                              "state": "Disabled"
                                            }
                                          ]
                                        },
                                        {
                                          "ruleGroupName": "REQUEST-921-PROTOCOL-ATTACK",
                                          "rules": [
                                            {
                                              "ruleId": "921130",
                                              "state": "Disabled"
                                            }
                                          ]
                                        },
                                        {
                                          "ruleGroupName": "REQUEST-931-APPLICATION-ATTACK-RFI",
                                          "rules": [
                                            {
                                              "ruleId": "931100",
                                              "state": "Disabled"
                                            },
                                            {
                                              "ruleId": "931130",
                                              "state": "Disabled"
                                            }
                                          ]
                                        },
                                        {
                                          "ruleGroupName": "REQUEST-932-APPLICATION-ATTACK-RCE",
                                          "rules": [
                                            {
                                              "ruleId": "932100",
                                              "state": "Disabled"
                                            },
                                            {
                                              "ruleId": "932105",
                                              "state": "Disabled"
                                            },
                                            {
                                              "ruleId": "932115",
                                              "state": "Disabled"
                                            },
                                            {
                                              "ruleId": "932110",
                                              "state": "Disabled"
                                            },
                                            {
                                              "ruleId": "932140",
                                              "state": "Disabled"
                                            },
                                            {
                                              "ruleId": "932150",
                                              "state": "Disabled"
                                            }
                                          ]
                                        },
                                        {
                                          "ruleGroupName": "REQUEST-941-APPLICATION-ATTACK-XSS",
                                          "rules": [
                                            {
                                              "ruleId": "941130",
                                              "state": "Disabled"
                                            },
                                            {
                                              "ruleId": "941150",
                                              "state": "Disabled"
                                            },
                                            {
                                              "ruleId": "941160",
                                              "state": "Disabled"
                                            },
                                            {
                                              "ruleId": "941170",
                                              "state": "Disabled"
                                            },
                                            {
                                              "ruleId": "941320",
                                              "state": "Disabled"
                                            },
                                            {
                                              "ruleId": "941330",
                                              "state": "Disabled"
                                            },
                                            {
                                              "ruleId": "941340",
                                              "state": "Disabled"
                                            }
                                          ]
                                        },
                                        {
                                          "ruleGroupName": "REQUEST-942-APPLICATION-ATTACK-SQLI",
                                          "rules": [
                                            {
                                              "ruleId": "942100",
                                              "state": "Disabled"
                                            },
                                            {
                                              "ruleId": "942110",
                                              "state": "Disabled"
                                            },
                                            {
                                              "ruleId": "942130",
                                              "state": "Disabled"
                                            },
                                            {
                                              "ruleId": "942150",
                                              "state": "Disabled"
                                            },
                                            {
                                              "ruleId": "942190",
                                              "state": "Disabled"
                                            },
                                            {
                                              "ruleId": "942200",
                                              "state": "Disabled"
                                            },
                                            {
                                              "ruleId": "942260",
                                              "state": "Disabled"
                                            },
                                            {
                                              "ruleId": "942300",
                                              "state": "Disabled"
                                            },
                                            {
                                              "ruleId": "942330",
                                              "state": "Disabled"
                                            },
                                            {
                                              "ruleId": "942340",
                                              "state": "Disabled"
                                            },
                                            {
                                              "ruleId": "942370",
                                              "state": "Disabled"
                                            },
                                            {
                                              "ruleId": "942380",
                                              "state": "Disabled"
                                            },
                                            {
                                              "ruleId": "942410",
                                              "state": "Disabled"
                                            },
                                            {
                                              "ruleId": "942430",
                                              "state": "Disabled"
                                            },
                                            {
                                              "ruleId": "942440",
                                              "state": "Disabled"
                                            },
                                            {
                                              "ruleId": "942450",
                                              "state": "Disabled"
                                            }
                                          ]
                                        },
                                        {
                                          "ruleGroupName": "General",
                                          "rules": [
                                            {
                                              "ruleId": "200002",
                                              "state": "Disabled"
                                            },
                                            {
                                              "ruleId": "200003",
                                              "state": "Disabled"
                                            },
                                            {
                                              "ruleId": "200004",
                                              "state": "Disabled"
                                            }
                                          ]
                                        }
                                      ]
                                    }
                                  ]
                                }
                              }
                            }
                          ],
                          "outputs": {
                            "id": {
                              "type": "string",
                              "value": "[resourceId('Microsoft.Network/ApplicationGatewayWebApplicationFirewallPolicies', format('{0}-DefaultWAFPolicy', parameters('name')))]"
                            }
                          }
                        }
                      }
                    }
                  ],
                  "outputs": {
                    "id": {
                      "type": "string",
                      "value": "[resourceId('Microsoft.Network/applicationGateways', parameters('name'))]"
                    }
                  }
                }
              },
              "dependsOn": [
                "[resourceId('Microsoft.Resources/deployments', 'appGwPublicIPDeploymentScript')]"
              ]
            },
            {
              "type": "Microsoft.Resources/deployments",
              "apiVersion": "2022-09-01",
              "name": "appGatewayPostDeploymentScript",
              "properties": {
                "expressionEvaluationOptions": {
                  "scope": "inner"
                },
                "mode": "Incremental",
                "parameters": {
                  "name": {
                    "value": "[format('ds-prepare-app-gateway-{0}', parameters('location'))]"
                  },
                  "location": {
                    "value": "[parameters('location')]"
                  },
                  "environmentVariables": {
                    "value": [
                      {
                        "name": "PUBLIC_DNS_ZONE_NAME",
                        "value": "[parameters('publicDnsZoneName')]"
                      },
                      {
                        "name": "PUBLIC_DNS_ZONE_RESOURCE_GROUP",
                        "value": "[resourceGroup().name]"
                      },
                      {
                        "name": "AKS_NAME",
                        "value": "[parameters('aksName')]"
                      },
                      {
                        "name": "AKS_RESOURCE_GROUP",
                        "value": "[resourceGroup().name]"
                      },
                      {
                        "name": "APP_GATEWAY_ID",
                        "value": "[reference(extensionResourceId(format('/subscriptions/{0}/resourceGroups/{1}', subscription().subscriptionId, parameters('nodeResourceGroup')), 'Microsoft.Resources/deployments', 'applicationGatewayDeploy'), '2022-09-01').outputs.id.value]"
                      },
                      {
                        "name": "APP_GATEWAY_PUBLIC_IP_ID",
                        "value": "[reference(resourceId('Microsoft.Resources/deployments', 'appGwPublicIPDeploymentScript'), '2022-09-01').outputs.data.value.id]"
                      },
                      {
                        "name": "VNET_NAME",
                        "value": "[parameters('vnetName')]"
                      },
                      {
                        "name": "AKS_SUBNET_NAME",
                        "value": "[parameters('aksSubnetName')]"
                      },
                      {
                        "name": "APP_GATEWAY_SUBNET_NAME",
                        "value": "[parameters('appGatewaySubnetName')]"
                      }
                    ]
                  },
                  "scriptContent": {
                    "value": "[variables('$fxv#1')]"
                  },
                  "userAssignedIdentityId": {
                    "value": "[parameters('userAssignedIdentityId')]"
                  }
                },
                "template": {
                  "$schema": "https://schema.management.azure.com/schemas/2019-04-01/deploymentTemplate.json#",
                  "contentVersion": "1.0.0.0",
                  "metadata": {
                    "_generator": {
                      "name": "bicep",
                      "version": "0.18.4.5664",
                      "templateHash": "3001068398413510809"
                    }
                  },
                  "parameters": {
                    "arguments": {
                      "type": "string",
                      "defaultValue": ""
                    },
                    "azCliVersion": {
                      "type": "string",
                      "defaultValue": "2.40.0"
                    },
                    "azureFunctionAPIKey": {
                      "type": "securestring",
                      "defaultValue": ""
                    },
                    "cleanupPreference": {
                      "type": "string",
                      "defaultValue": "Always",
                      "allowedValues": [
                        "Always",
                        "OnExpiration",
                        "OnSuccess"
                      ]
                    },
                    "environmentVariables": {
                      "type": "array",
                      "defaultValue": []
                    },
                    "location": {
                      "type": "string",
                      "defaultValue": ""
                    },
                    "name": {
                      "type": "string",
                      "defaultValue": ""
                    },
                    "registryPassword": {
                      "type": "securestring",
                      "defaultValue": ""
                    },
                    "registryUsername": {
                      "type": "securestring",
                      "defaultValue": ""
                    },
                    "retentionInterval": {
                      "type": "string",
                      "defaultValue": "P1D"
                    },
                    "scriptContent": {
                      "type": "string",
                      "defaultValue": ""
                    },
                    "servicePrincipalId": {
                      "type": "securestring",
                      "defaultValue": ""
                    },
                    "servicePrincipalSecret": {
                      "type": "securestring",
                      "defaultValue": ""
                    },
                    "tenantId": {
                      "type": "securestring",
                      "defaultValue": ""
                    },
                    "userAssignedIdentityId": {
                      "type": "string",
                      "defaultValue": ""
                    },
                    "tagsByResource": {
                      "type": "object",
                      "defaultValue": {}
                    }
                  },
                  "variables": {
                    "registrySecureValues": "[if(and(not(empty(parameters('registryPassword'))), not(empty(parameters('registryUsername')))), createArray(createObject('name', 'REGISTRY_PASSWORD', 'secureValue', parameters('registryPassword')), createObject('name', 'REGISTRY_USERNAME', 'secureValue', parameters('registryUsername'))), createArray())]",
                    "azureFunctionAPIKeySecureValues": "[if(not(empty(parameters('azureFunctionAPIKey'))), createArray(createObject('name', 'AZURE_FUNCTION_API_KEY', 'secureValue', parameters('azureFunctionAPIKey'))), createArray())]",
                    "servicePrincipalSecureValues": "[if(and(and(not(empty(parameters('servicePrincipalId'))), not(empty(parameters('servicePrincipalSecret')))), not(empty(parameters('tenantId')))), createArray(createObject('name', 'SERVICE_PRINCIPAL_ID', 'secureValue', parameters('servicePrincipalId')), createObject('name', 'SERVICE_PRINCIPAL_SECRET', 'secureValue', parameters('servicePrincipalSecret')), createObject('name', 'TENANT_ID', 'secureValue', parameters('tenantId'))), createArray())]",
                    "combinedEnvironmentVariablesAndSecureValues": "[union(parameters('environmentVariables'), variables('registrySecureValues'), variables('azureFunctionAPIKeySecureValues'), variables('servicePrincipalSecureValues'))]"
                  },
                  "resources": [
                    {
                      "type": "Microsoft.Resources/deploymentScripts",
                      "apiVersion": "2020-10-01",
                      "name": "[parameters('name')]",
                      "location": "[parameters('location')]",
                      "kind": "AzureCLI",
                      "tags": "[if(contains(parameters('tagsByResource'), 'Microsoft.Resources/deploymentScripts'), parameters('tagsByResource')['Microsoft.Resources/deploymentScripts'], createObject())]",
                      "identity": {
                        "type": "UserAssigned",
                        "userAssignedIdentities": {
                          "[format('{0}', parameters('userAssignedIdentityId'))]": {}
                        }
                      },
                      "properties": {
                        "azCliVersion": "[parameters('azCliVersion')]",
                        "cleanupPreference": "[parameters('cleanupPreference')]",
                        "retentionInterval": "[parameters('retentionInterval')]",
                        "scriptContent": "[parameters('scriptContent')]",
                        "arguments": "[parameters('arguments')]",
                        "environmentVariables": "[variables('combinedEnvironmentVariablesAndSecureValues')]"
                      }
                    }
                  ],
                  "outputs": {
                    "data": {
                      "type": "object",
                      "value": "[if(contains(reference(resourceId('Microsoft.Resources/deploymentScripts', parameters('name')), '2020-10-01'), 'outputs'), reference(resourceId('Microsoft.Resources/deploymentScripts', parameters('name')), '2020-10-01').outputs, createObject())]"
                    }
                  }
                }
              },
              "dependsOn": [
                "[resourceId('Microsoft.Resources/deployments', 'appGwPublicIPDeploymentScript')]",
                "[extensionResourceId(format('/subscriptions/{0}/resourceGroups/{1}', subscription().subscriptionId, parameters('nodeResourceGroup')), 'Microsoft.Resources/deployments', 'applicationGatewayDeploy')]"
              ]
            },
            {
              "type": "Microsoft.Resources/deployments",
              "apiVersion": "2022-09-01",
              "name": "appGwRoleAssignment",
              "properties": {
                "expressionEvaluationOptions": {
                  "scope": "inner"
                },
                "mode": "Incremental",
                "parameters": {
                  "name": {
                    "value": "[format('ds-prepare-app-gateway-role-assign-{0}', parameters('location'))]"
                  },
                  "location": {
                    "value": "[parameters('location')]"
                  },
                  "scriptContent": {
                    "value": "[variables('$fxv#2')]"
                  },
                  "userAssignedIdentityId": {
                    "value": "[parameters('userAssignedIdentityId')]"
                  },
                  "environmentVariables": {
                    "value": [
                      {
                        "name": "RESOURCE_GROUP",
                        "value": "[resourceGroup().name]"
                      },
                      {
                        "name": "NODE_POOL_RESOURCE_GROUP",
                        "value": "[parameters('nodeResourceGroup')]"
                      },
                      {
                        "name": "SUBSCRIPTION_ID",
                        "value": "[subscription().subscriptionId]"
                      },
                      {
                        "name": "AKS_NAME",
                        "value": "[parameters('aksName')]"
                      },
                      {
                        "name": "APPGW_SUBNET_ID",
                        "value": "[parameters('appgwSubnetId')]"
                      },
                      {
                        "name": "CROSS_TENANT_ROLE_ASSIGNMENT",
                        "value": "[string(parameters('crossTenantRoleAssignment'))]"
                      }
                    ]
                  },
                  "servicePrincipalId": {
                    "value": "[parameters('servicePrincipalId')]"
                  },
                  "servicePrincipalSecret": {
                    "value": "[parameters('servicePrincipalSecret')]"
                  },
                  "tenantId": {
                    "value": "[parameters('tenantId')]"
                  }
                },
                "template": {
                  "$schema": "https://schema.management.azure.com/schemas/2019-04-01/deploymentTemplate.json#",
                  "contentVersion": "1.0.0.0",
                  "metadata": {
                    "_generator": {
                      "name": "bicep",
                      "version": "0.18.4.5664",
                      "templateHash": "3001068398413510809"
                    }
                  },
                  "parameters": {
                    "arguments": {
                      "type": "string",
                      "defaultValue": ""
                    },
                    "azCliVersion": {
                      "type": "string",
                      "defaultValue": "2.40.0"
                    },
                    "azureFunctionAPIKey": {
                      "type": "securestring",
                      "defaultValue": ""
                    },
                    "cleanupPreference": {
                      "type": "string",
                      "defaultValue": "Always",
                      "allowedValues": [
                        "Always",
                        "OnExpiration",
                        "OnSuccess"
                      ]
                    },
                    "environmentVariables": {
                      "type": "array",
                      "defaultValue": []
                    },
                    "location": {
                      "type": "string",
                      "defaultValue": ""
                    },
                    "name": {
                      "type": "string",
                      "defaultValue": ""
                    },
                    "registryPassword": {
                      "type": "securestring",
                      "defaultValue": ""
                    },
                    "registryUsername": {
                      "type": "securestring",
                      "defaultValue": ""
                    },
                    "retentionInterval": {
                      "type": "string",
                      "defaultValue": "P1D"
                    },
                    "scriptContent": {
                      "type": "string",
                      "defaultValue": ""
                    },
                    "servicePrincipalId": {
                      "type": "securestring",
                      "defaultValue": ""
                    },
                    "servicePrincipalSecret": {
                      "type": "securestring",
                      "defaultValue": ""
                    },
                    "tenantId": {
                      "type": "securestring",
                      "defaultValue": ""
                    },
                    "userAssignedIdentityId": {
                      "type": "string",
                      "defaultValue": ""
                    },
                    "tagsByResource": {
                      "type": "object",
                      "defaultValue": {}
                    }
                  },
                  "variables": {
                    "registrySecureValues": "[if(and(not(empty(parameters('registryPassword'))), not(empty(parameters('registryUsername')))), createArray(createObject('name', 'REGISTRY_PASSWORD', 'secureValue', parameters('registryPassword')), createObject('name', 'REGISTRY_USERNAME', 'secureValue', parameters('registryUsername'))), createArray())]",
                    "azureFunctionAPIKeySecureValues": "[if(not(empty(parameters('azureFunctionAPIKey'))), createArray(createObject('name', 'AZURE_FUNCTION_API_KEY', 'secureValue', parameters('azureFunctionAPIKey'))), createArray())]",
                    "servicePrincipalSecureValues": "[if(and(and(not(empty(parameters('servicePrincipalId'))), not(empty(parameters('servicePrincipalSecret')))), not(empty(parameters('tenantId')))), createArray(createObject('name', 'SERVICE_PRINCIPAL_ID', 'secureValue', parameters('servicePrincipalId')), createObject('name', 'SERVICE_PRINCIPAL_SECRET', 'secureValue', parameters('servicePrincipalSecret')), createObject('name', 'TENANT_ID', 'secureValue', parameters('tenantId'))), createArray())]",
                    "combinedEnvironmentVariablesAndSecureValues": "[union(parameters('environmentVariables'), variables('registrySecureValues'), variables('azureFunctionAPIKeySecureValues'), variables('servicePrincipalSecureValues'))]"
                  },
                  "resources": [
                    {
                      "type": "Microsoft.Resources/deploymentScripts",
                      "apiVersion": "2020-10-01",
                      "name": "[parameters('name')]",
                      "location": "[parameters('location')]",
                      "kind": "AzureCLI",
                      "tags": "[if(contains(parameters('tagsByResource'), 'Microsoft.Resources/deploymentScripts'), parameters('tagsByResource')['Microsoft.Resources/deploymentScripts'], createObject())]",
                      "identity": {
                        "type": "UserAssigned",
                        "userAssignedIdentities": {
                          "[format('{0}', parameters('userAssignedIdentityId'))]": {}
                        }
                      },
                      "properties": {
                        "azCliVersion": "[parameters('azCliVersion')]",
                        "cleanupPreference": "[parameters('cleanupPreference')]",
                        "retentionInterval": "[parameters('retentionInterval')]",
                        "scriptContent": "[parameters('scriptContent')]",
                        "arguments": "[parameters('arguments')]",
                        "environmentVariables": "[variables('combinedEnvironmentVariablesAndSecureValues')]"
                      }
                    }
                  ],
                  "outputs": {
                    "data": {
                      "type": "object",
                      "value": "[if(contains(reference(resourceId('Microsoft.Resources/deploymentScripts', parameters('name')), '2020-10-01'), 'outputs'), reference(resourceId('Microsoft.Resources/deploymentScripts', parameters('name')), '2020-10-01').outputs, createObject())]"
                    }
                  }
                }
              },
              "dependsOn": [
                "[resourceId('Microsoft.Resources/deployments', 'appGatewayPostDeploymentScript')]"
              ]
            }
          ]
        }
      }
    },
    {
      "condition": "[equals(toLower(parameters('access')), 'private')]",
      "type": "Microsoft.Resources/deployments",
      "apiVersion": "2022-09-01",
      "name": "ingressControllers",
      "properties": {
        "expressionEvaluationOptions": {
          "scope": "inner"
        },
        "mode": "Incremental",
        "parameters": {
          "location": {
            "value": "[parameters('location')]"
          },
          "aksName": {
            "value": "[parameters('aksName')]"
          },
          "appGatewaySubnetName": {
            "value": "[parameters('appGatewaySubnetName')]"
          },
          "publicDnsZoneName": {
            "value": "[parameters('publicDnsZoneName')]"
          },
          "userAssignedIdentityId": {
            "value": "[parameters('userAssignedIdentityId')]"
          }
        },
        "template": {
          "$schema": "https://schema.management.azure.com/schemas/2019-04-01/deploymentTemplate.json#",
          "contentVersion": "1.0.0.0",
          "metadata": {
            "_generator": {
              "name": "bicep",
              "version": "0.18.4.5664",
              "templateHash": "15124970143765407709"
            }
          },
          "parameters": {
            "location": {
              "type": "string"
            },
            "userAssignedIdentityId": {
              "type": "string"
            },
            "appGatewaySubnetName": {
              "type": "string"
            },
            "aksName": {
              "type": "string"
            },
            "publicDnsZoneName": {
              "type": "string"
            }
          },
          "variables": {
            "$fxv#0": "#!/usr/bin/env bash\n#\n# Deploy and configure the NginxIngressController object and dependencies.\nset -e\n\nAKS_NAME=${AKS_NAME:-''}\nOPERATORS_NAMESPACE=${OPERATORS_NAMESPACE:-'operators'}\nPROJECT_NAMESPACE=${PROJECT_NAMESPACE:-'nginx-ingress'}\nRESOURCE_GROUP=${RESOURCE_GROUP:-''}\nAPP_GATEWAY_SUBNET_NAME=${APP_GATEWAY_SUBNET_NAME:-''}\nPUBLIC_DNS_ZONE_NAME=${PUBLIC_DNS_ZONE_NAME:-''}\n\nif [[ -z \"${AKS_NAME}\" ]]; then\n    echo \"$0: Environment variable AKS_NAME must be specified\"\n    exit 1\nfi\n\nif [[ -z \"${RESOURCE_GROUP}\" ]]; then\n    echo \"$0: Environment variable RESOURCE_GROUP must be specified\"\n    exit 1\nfi\n\nif [[ -z \"${APP_GATEWAY_SUBNET_NAME}\" ]]; then\n    echo \"$0: Environment variable APP_GATEWAY_SUBNET_NAME must be specified\"\n    exit 1\nfi\n\nif [[ -z \"${PUBLIC_DNS_ZONE_NAME}\" ]]; then\n    echo \"$0: Environment variable PUBLIC_DNS_ZONE_NAME must be specified\"\n    exit 1\nfi\n\n#######################################\n# Execute a command against the private AKS cluster using command invoke.\n# Globals:\n#   RESOURCE_GROUP\n#   AKS_NAME\n# Arguments:\n#   1. CLI command to be executed against AKS cluster.\n#   2. Additional arguments to pass to the 'az aks command invoke'.\n# Outputs:\n#   Output of CMD executed via command invoke.\n#######################################\naz_aks_command() {\n  CMD=$1\n  CMDOPTS=$2\n  # shellcheck disable=SC2086\n  az aks command invoke --resource-group \"${RESOURCE_GROUP}\" --name \"${AKS_NAME}\" --command \"${CMD}\" ${CMDOPTS}\n}\n\nCMD=\"kubectl rollout status deploy/nginx-ingress-operator-controller-manager -n ${OPERATORS_NAMESPACE}\"\naz_aks_command \"${CMD}\"\n\nCMD=\"kubectl create namespace ${PROJECT_NAMESPACE} --dry-run=client -o yaml | kubectl apply -f -\"\naz_aks_command \"${CMD}\"\n\ncat << EOF > nginx-ingress-controller.yaml\n---\napiVersion: charts.nginx.org/v1alpha1\nkind: NginxIngress\nmetadata:\n  name: nginx-ingress-controller\n  namespace: ${PROJECT_NAMESPACE}\nspec:\n  controller:\n    enableCustomResources: true\n    enableCertManager: true\n    healthStatus: true\n    defaultTLS:\n      secret: ansible-automation-platform/aap-tls\n    image:\n      pullPolicy: Always\n      repository: docker.io/nginx/nginx-ingress\n    ingressClass: nginx\n    nginxPlus: false\n    serviceType: LoadBalancer\n    config:\n      entries:\n        ssl-ciphers: ECDHE-ECDSA-AES128-GCM-SHA256:ECDHE-RSA-AES128-GCM-SHA256:ECDHE-ECDSA-AES256-GCM-SHA384:ECDHE-RSA-AES256-GCM-SHA384:ECDHE-ECDSA-CHACHA20-POLY1305:ECDHE-RSA-CHACHA20-POLY1305:DHE-RSA-AES128-GCM-SHA256:DHE-RSA-AES256-GCM-SHA384\n        ssl-protocols: TLSv1.2\n        ssl-redirect: \"true\"\n    service:\n      annotations:\n        service.beta.kubernetes.io/azure-load-balancer-health-probe-request-path: /nginx-health\n        service.beta.kubernetes.io/azure-load-balancer-internal: \"true\"\n        service.beta.kubernetes.io/azure-load-balancer-internal-subnet: \"${APP_GATEWAY_SUBNET_NAME}\"\n    type: deployment\nEOF\n\n# Create ingress controllers\nCMD=\"kubectl apply -f nginx-ingress-controller.yaml\"\nCMDOPTS=\"--file nginx-ingress-controller.yaml\"\naz_aks_command \"${CMD}\" \"${CMDOPTS}\"\n\n# Wait for the ingress controller to be in place\necho \"Waiting for deployment of nginx ingress controller...\"\nCMD=\"kubectl rollout status -w deploy/nginx-ingress-controller-controller -n ${PROJECT_NAMESPACE}\"\naz_aks_command \"${CMD}\"\n\n# Wait for the IP address on the load balancer. this is just to be sure we can move to next steps\necho \"Starting a loop to detect load balancer IP address...\"\nCMD=\"kubectl get svc nginx-ingress-controller-controller -n ${PROJECT_NAMESPACE} -o jsonpath='{.status.loadBalancer.ingress[0].ip}'\"\nCMDOPTS=\"--output=json\"\nipaddress=$(az_aks_command \"${CMD}\" \"${CMDOPTS}\" | jq -r .logs)\nTIMEOUT=1200\nwhile ! echo \"${ipaddress}\" | grep -qE '^[0-9]{1,3}\\.[0-9]{1,3}\\.[0-9]{1,3}\\.[0-9]{1,3}' && test \"$TIMEOUT\" -ge 0 ; do\n  (( TIMEOUT=TIMEOUT-10 )) && sleep 10\n  # Using jq to get output from the JSON produced by az aks command invoke, \"logs\" field should have one IP\n  ipaddress=$(az_aks_command \"${CMD}\" \"${CMDOPTS}\" | jq -r .logs)\n  if [ \"$TIMEOUT\" -le 0 ]; then\n    echo \"Exiting because it is taking too long to get load balancer IP address. Last value ${ipaddress}\"\n    exit 1\n  else\n    echo \"Current load balancer ip: ${ipaddress}\"\n  fi\ndone\necho \"Load balancer has IP address: ${ipaddress}\"\n\n# Set DNS records, A record first and CNAMEs next\necho \"Setting up an A record with name 'ingress' for load balancer\"\n# First get address of an A record named \"ingress\" (expecting one IP address per record for now)\nexistingARecordIPAddress=$(az network dns record-set a list -z \"${PUBLIC_DNS_ZONE_NAME}\" -g \"${RESOURCE_GROUP}\" --query \"[?contains(name,'ingress')].aRecords[]\" -o tsv)\n# There can be following cases:\n#   * not matching load balancer IP and not empty -> wrong or old IP, needs to be deleted first and new one created\n#   * empty string(which is also not matching LB IP) -> no A record exists, have to be created\n#   * matching LB IP -> already created, nothing to do\nif [ \"${existingARecordIPAddress}\" != \"${ipaddress}\" ]; then\n  if [ \"${existingARecordIPAddress}\" != \"\" ]; then\n    echo \"Deleting existing A record with different IP address: ${existingARecordIPAddress}\"\n    az network dns record-set a delete -y -n ingress -z \"${PUBLIC_DNS_ZONE_NAME}\" -g \"${RESOURCE_GROUP}\"\n  fi\n  echo \"Creating new A record with IP address: ${ipaddress}\"\n  az network dns record-set a add-record -a \"${ipaddress}\" -n ingress -z \"${PUBLIC_DNS_ZONE_NAME}\" -g \"${RESOURCE_GROUP}\"\nelse\n  echo \"An A record with correct IP address already exists\"\nfi\n\necho \"Setting up CNAME records for apps\"\nfor name in hub controller sso aap\ndo\n  # Following command can be executed even if a cname record already exist, hence no need to check for it\n  az network dns record-set cname set-record -n \"${name}\" -c \"ingress.${PUBLIC_DNS_ZONE_NAME}\" -z \"${PUBLIC_DNS_ZONE_NAME}\" -g \"${RESOURCE_GROUP}\"\ndone\n"
          },
          "resources": [
            {
              "type": "Microsoft.Resources/deployments",
              "apiVersion": "2022-09-01",
              "name": "nginxIngressDeploymentScript",
              "properties": {
                "expressionEvaluationOptions": {
                  "scope": "inner"
                },
                "mode": "Incremental",
                "parameters": {
                  "name": {
                    "value": "[format('ds-prepare-nginx-ingress-{0}', parameters('location'))]"
                  },
                  "location": {
                    "value": "[parameters('location')]"
                  },
                  "environmentVariables": {
                    "value": [
                      {
                        "name": "AKS_NAME",
                        "value": "[parameters('aksName')]"
                      },
                      {
                        "name": "RESOURCE_GROUP",
                        "value": "[resourceGroup().name]"
                      },
                      {
                        "name": "PUBLIC_DNS_ZONE_NAME",
                        "value": "[parameters('publicDnsZoneName')]"
                      },
                      {
                        "name": "APP_GATEWAY_SUBNET_NAME",
                        "value": "[parameters('appGatewaySubnetName')]"
                      }
                    ]
                  },
                  "scriptContent": {
                    "value": "[variables('$fxv#0')]"
                  },
                  "userAssignedIdentityId": {
                    "value": "[parameters('userAssignedIdentityId')]"
                  }
                },
                "template": {
                  "$schema": "https://schema.management.azure.com/schemas/2019-04-01/deploymentTemplate.json#",
                  "contentVersion": "1.0.0.0",
                  "metadata": {
                    "_generator": {
                      "name": "bicep",
                      "version": "0.18.4.5664",
                      "templateHash": "3001068398413510809"
                    }
                  },
                  "parameters": {
                    "arguments": {
                      "type": "string",
                      "defaultValue": ""
                    },
                    "azCliVersion": {
                      "type": "string",
                      "defaultValue": "2.40.0"
                    },
                    "azureFunctionAPIKey": {
                      "type": "securestring",
                      "defaultValue": ""
                    },
                    "cleanupPreference": {
                      "type": "string",
                      "defaultValue": "Always",
                      "allowedValues": [
                        "Always",
                        "OnExpiration",
                        "OnSuccess"
                      ]
                    },
                    "environmentVariables": {
                      "type": "array",
                      "defaultValue": []
                    },
                    "location": {
                      "type": "string",
                      "defaultValue": ""
                    },
                    "name": {
                      "type": "string",
                      "defaultValue": ""
                    },
                    "registryPassword": {
                      "type": "securestring",
                      "defaultValue": ""
                    },
                    "registryUsername": {
                      "type": "securestring",
                      "defaultValue": ""
                    },
                    "retentionInterval": {
                      "type": "string",
                      "defaultValue": "P1D"
                    },
                    "scriptContent": {
                      "type": "string",
                      "defaultValue": ""
                    },
                    "servicePrincipalId": {
                      "type": "securestring",
                      "defaultValue": ""
                    },
                    "servicePrincipalSecret": {
                      "type": "securestring",
                      "defaultValue": ""
                    },
                    "tenantId": {
                      "type": "securestring",
                      "defaultValue": ""
                    },
                    "userAssignedIdentityId": {
                      "type": "string",
                      "defaultValue": ""
                    },
                    "tagsByResource": {
                      "type": "object",
                      "defaultValue": {}
                    }
                  },
                  "variables": {
                    "registrySecureValues": "[if(and(not(empty(parameters('registryPassword'))), not(empty(parameters('registryUsername')))), createArray(createObject('name', 'REGISTRY_PASSWORD', 'secureValue', parameters('registryPassword')), createObject('name', 'REGISTRY_USERNAME', 'secureValue', parameters('registryUsername'))), createArray())]",
                    "azureFunctionAPIKeySecureValues": "[if(not(empty(parameters('azureFunctionAPIKey'))), createArray(createObject('name', 'AZURE_FUNCTION_API_KEY', 'secureValue', parameters('azureFunctionAPIKey'))), createArray())]",
                    "servicePrincipalSecureValues": "[if(and(and(not(empty(parameters('servicePrincipalId'))), not(empty(parameters('servicePrincipalSecret')))), not(empty(parameters('tenantId')))), createArray(createObject('name', 'SERVICE_PRINCIPAL_ID', 'secureValue', parameters('servicePrincipalId')), createObject('name', 'SERVICE_PRINCIPAL_SECRET', 'secureValue', parameters('servicePrincipalSecret')), createObject('name', 'TENANT_ID', 'secureValue', parameters('tenantId'))), createArray())]",
                    "combinedEnvironmentVariablesAndSecureValues": "[union(parameters('environmentVariables'), variables('registrySecureValues'), variables('azureFunctionAPIKeySecureValues'), variables('servicePrincipalSecureValues'))]"
                  },
                  "resources": [
                    {
                      "type": "Microsoft.Resources/deploymentScripts",
                      "apiVersion": "2020-10-01",
                      "name": "[parameters('name')]",
                      "location": "[parameters('location')]",
                      "kind": "AzureCLI",
                      "tags": "[if(contains(parameters('tagsByResource'), 'Microsoft.Resources/deploymentScripts'), parameters('tagsByResource')['Microsoft.Resources/deploymentScripts'], createObject())]",
                      "identity": {
                        "type": "UserAssigned",
                        "userAssignedIdentities": {
                          "[format('{0}', parameters('userAssignedIdentityId'))]": {}
                        }
                      },
                      "properties": {
                        "azCliVersion": "[parameters('azCliVersion')]",
                        "cleanupPreference": "[parameters('cleanupPreference')]",
                        "retentionInterval": "[parameters('retentionInterval')]",
                        "scriptContent": "[parameters('scriptContent')]",
                        "arguments": "[parameters('arguments')]",
                        "environmentVariables": "[variables('combinedEnvironmentVariablesAndSecureValues')]"
                      }
                    }
                  ],
                  "outputs": {
                    "data": {
                      "type": "object",
                      "value": "[if(contains(reference(resourceId('Microsoft.Resources/deploymentScripts', parameters('name')), '2020-10-01'), 'outputs'), reference(resourceId('Microsoft.Resources/deploymentScripts', parameters('name')), '2020-10-01').outputs, createObject())]"
                    }
                  }
                }
              }
            }
          ]
        }
      }
    }
  ]
}