{
  "name": {
    "value": "[parameters('aapName')]"
  },
  "location": {
    "value": "[parameters('location')]"
  },
  "access": {
    "value": "[parameters('access')]"
  },
  "nodeResourceGroup": {
    "value": "[reference(resourceId('Microsoft.Resources/deployments', 'AKS__Cluster'), '2022-09-01').outputs.nodeResourceGroup.value]"
  },
  "appgwSubnetId": {
    "value": "[reference(resourceId('Microsoft.Resources/deployments', 'VNET__and__Subnets'), '2022-09-01').outputs.appgwSubnetId.value]"
  },
  "logAnalyticsWorkspaceResourceID": {
    "value": "[parameters('logWorkspaceId')]"
  },
  "vnetName": {
    "value": "[reference(resourceId('Microsoft.Resources/deployments', 'VNET__and__Subnets'), '2022-09-01').outputs.name.value]"
  },
  "aksSubnetName": {
    "value": "[reference(resourceId('Microsoft.Resources/deployments', 'VNET__and__Subnets'), '2022-09-01').outputs.aksSubnetName.value]"
  },
  "appGatewaySubnetName": {
    "value": "[reference(resourceId('Microsoft.Resources/deployments', 'VNET__and__Subnets'), '2022-09-01').outputs.appgwSubnetName.value]"
  },
  "userAssignedIdentityId": {
    "value": "[parameters('userAssignedIdentityId')]"
  },
  "publicDnsZoneName": {
    "value": "[parameters('publicDNSZoneName')]"
  },
  "aksName": {
    "value": "[reference(resourceId('Microsoft.Resources/deployments', 'AKS__Cluster'), '2022-09-01').outputs.name.value]"
  },
  "servicePrincipalId": {
    "reference": {
      "keyVault": {
        "id": "[extensionResourceId(format('/subscriptions/{0}/resourceGroups/{1}', subscription().subscriptionId, resourceGroup().name), 'Microsoft.KeyVault/vaults', parameters('keyVaultName'))]"
      },
      "secretName": "service-principal-client-id"
    }
  },
  "servicePrincipalSecret": {
    "reference": {
      "keyVault": {
        "id": "[extensionResourceId(format('/subscriptions/{0}/resourceGroups/{1}', subscription().subscriptionId, resourceGroup().name), 'Microsoft.KeyVault/vaults', parameters('keyVaultName'))]"
      },
      "secretName": "service-principal-secret"
    }
  },
  "tenantId": {
    "reference": {
      "keyVault": {
        "id": "[extensionResourceId(format('/subscriptions/{0}/resourceGroups/{1}', subscription().subscriptionId, resourceGroup().name), 'Microsoft.KeyVault/vaults', parameters('keyVaultName'))]"
      },
      "secretName": "tenant-id"
    }
  },
  "crossTenantRoleAssignment": {
    "value": "[parameters('crossTenantRoleAssignment')]"
  },
  "tagsByResource": {
    "value": "[parameters('tagsByResource')]"
  }
}