{
  "$schema": "https://schema.management.azure.com/schemas/2019-04-01/deploymentTemplate.json#",
  "contentVersion": "1.0.0.0",
  "metadata": {
    "_generator": {
      "name": "bicep",
      "version": "0.18.4.5664",
      "templateHash": "7519031855892473621"
    }
  },
  "parameters": {
    "aksName": {
      "type": "string",
      "defaultValue": ""
    },
    "controllerFqdn": {
      "type": "string",
      "defaultValue": ""
    },
    "location": {
      "type": "string",
      "defaultValue": ""
    },
    "userAssignedIdentityId": {
      "type": "string",
      "defaultValue": ""
    },
    "tagsByResource": {
      "type": "object",
      "defaultValue": {}
    }
  },
  "variables": {
    "$fxv#0": "#!/usr/bin/env bash\n#\nset -e\n\nAKS_NAME=${AKS_NAME:-''}\nRESOURCE_GROUP=${RESOURCE_GROUP:-''}\nCONTROLLER_FQDN=${CONTROLLER_FQDN:-''}\nKUBE_NAMESPACE=${KUBE_NAMESPACE:-'kube-system'}\nINGRESS_DEPLOYMENT=${INGRESS_DEPLOYMENT:-'ingress-appgw-deployment'}\n\nif [[ -z \"${AKS_NAME}\" ]]; then\n    echo \"$0: Environment variable AKS_NAME must be specified\"\n    exit 1\nfi\n\nif [[ -z \"${RESOURCE_GROUP}\" ]]; then\n    echo \"$0: Environment variable RESOURCE_GROUP must be specified\"\n    exit 1\nfi\n\nif [[ -z \"${CONTROLLER_FQDN}\" ]]; then\n    echo \"$0: Environment variable CONTROLLER_FQDN must be specified\"\n    exit 1\nfi\n\n#######################################\n# Execute a command against the private AKS cluster using command invoke.\n# Globals:\n#   RESOURCE_GROUP\n#   AKS_NAME\n# Arguments:\n#   1. CLI command to be executed against AKS cluster.\n#   2. Additional arguments to pass to the 'az aks command invoke'.\n# Outputs:\n#   Output of CMD executed via command invoke.\n#######################################\naz_aks_command() {\n  CMD=$1\n  CMDOPTS=$2\n  # shellcheck disable=SC2086\n  az aks command invoke --resource-group \"${RESOURCE_GROUP}\" --name \"${AKS_NAME}\" --command \"${CMD}\" ${CMDOPTS}\n}\n\n# Restart ingress due to AGIC permission bug\nCMD=\"kubectl rollout restart deployment/${INGRESS_DEPLOYMENT} \\\n    -n ${KUBE_NAMESPACE}\"\naz_aks_command \"${CMD}\"\n\n\nTIMEOUT=300\n# Returns non-zero if not 200 http code\nuntil curl -f -o /dev/null -sS \"${CONTROLLER_FQDN}\"; do\n    (( TIMEOUT=TIMEOUT-10 )) && sleep 10\n    if [ \"$TIMEOUT\" -le 0 ]; then\n        echo \"Controller did not become available within 5 minutes.\"\n        exit 1\n    fi\ndone\necho \"Controller up and running.\"\n"
  },
  "resources": [
    {
      "type": "Microsoft.Resources/deployments",
      "apiVersion": "2022-09-01",
      "name": "ingressRestartDeploymentScript",
      "properties": {
        "expressionEvaluationOptions": {
          "scope": "inner"
        },
        "mode": "Incremental",
        "parameters": {
          "name": {
            "value": "[format('ds-restart-ingress-pod-{0}', parameters('location'))]"
          },
          "location": {
            "value": "[parameters('location')]"
          },
          "scriptContent": {
            "value": "[variables('$fxv#0')]"
          },
          "userAssignedIdentityId": {
            "value": "[parameters('userAssignedIdentityId')]"
          },
          "tagsByResource": {
            "value": "[parameters('tagsByResource')]"
          },
          "environmentVariables": {
            "value": [
              {
                "name": "AKS_NAME",
                "value": "[parameters('aksName')]"
              },
              {
                "name": "RESOURCE_GROUP",
                "value": "[resourceGroup().name]"
              },
              {
                "name": "CONTROLLER_FQDN",
                "value": "[parameters('controllerFqdn')]"
              }
            ]
          }
        },
        "template": {
          "$schema": "https://schema.management.azure.com/schemas/2019-04-01/deploymentTemplate.json#",
          "contentVersion": "1.0.0.0",
          "metadata": {
            "_generator": {
              "name": "bicep",
              "version": "0.18.4.5664",
              "templateHash": "3001068398413510809"
            }
          },
          "parameters": {
            "arguments": {
              "type": "string",
              "defaultValue": ""
            },
            "azCliVersion": {
              "type": "string",
              "defaultValue": "2.40.0"
            },
            "azureFunctionAPIKey": {
              "type": "securestring",
              "defaultValue": ""
            },
            "cleanupPreference": {
              "type": "string",
              "defaultValue": "Always",
              "allowedValues": [
                "Always",
                "OnExpiration",
                "OnSuccess"
              ]
            },
            "environmentVariables": {
              "type": "array",
              "defaultValue": []
            },
            "location": {
              "type": "string",
              "defaultValue": ""
            },
            "name": {
              "type": "string",
              "defaultValue": ""
            },
            "registryPassword": {
              "type": "securestring",
              "defaultValue": ""
            },
            "registryUsername": {
              "type": "securestring",
              "defaultValue": ""
            },
            "retentionInterval": {
              "type": "string",
              "defaultValue": "P1D"
            },
            "scriptContent": {
              "type": "string",
              "defaultValue": ""
            },
            "servicePrincipalId": {
              "type": "securestring",
              "defaultValue": ""
            },
            "servicePrincipalSecret": {
              "type": "securestring",
              "defaultValue": ""
            },
            "tenantId": {
              "type": "securestring",
              "defaultValue": ""
            },
            "userAssignedIdentityId": {
              "type": "string",
              "defaultValue": ""
            },
            "tagsByResource": {
              "type": "object",
              "defaultValue": {}
            }
          },
          "variables": {
            "registrySecureValues": "[if(and(not(empty(parameters('registryPassword'))), not(empty(parameters('registryUsername')))), createArray(createObject('name', 'REGISTRY_PASSWORD', 'secureValue', parameters('registryPassword')), createObject('name', 'REGISTRY_USERNAME', 'secureValue', parameters('registryUsername'))), createArray())]",
            "azureFunctionAPIKeySecureValues": "[if(not(empty(parameters('azureFunctionAPIKey'))), createArray(createObject('name', 'AZURE_FUNCTION_API_KEY', 'secureValue', parameters('azureFunctionAPIKey'))), createArray())]",
            "servicePrincipalSecureValues": "[if(and(and(not(empty(parameters('servicePrincipalId'))), not(empty(parameters('servicePrincipalSecret')))), not(empty(parameters('tenantId')))), createArray(createObject('name', 'SERVICE_PRINCIPAL_ID', 'secureValue', parameters('servicePrincipalId')), createObject('name', 'SERVICE_PRINCIPAL_SECRET', 'secureValue', parameters('servicePrincipalSecret')), createObject('name', 'TENANT_ID', 'secureValue', parameters('tenantId'))), createArray())]",
            "combinedEnvironmentVariablesAndSecureValues": "[union(parameters('environmentVariables'), variables('registrySecureValues'), variables('azureFunctionAPIKeySecureValues'), variables('servicePrincipalSecureValues'))]"
          },
          "resources": [
            {
              "type": "Microsoft.Resources/deploymentScripts",
              "apiVersion": "2020-10-01",
              "name": "[parameters('name')]",
              "location": "[parameters('location')]",
              "kind": "AzureCLI",
              "tags": "[if(contains(parameters('tagsByResource'), 'Microsoft.Resources/deploymentScripts'), parameters('tagsByResource')['Microsoft.Resources/deploymentScripts'], createObject())]",
              "identity": {
                "type": "UserAssigned",
                "userAssignedIdentities": {
                  "[format('{0}', parameters('userAssignedIdentityId'))]": {}
                }
              },
              "properties": {
                "azCliVersion": "[parameters('azCliVersion')]",
                "cleanupPreference": "[parameters('cleanupPreference')]",
                "retentionInterval": "[parameters('retentionInterval')]",
                "scriptContent": "[parameters('scriptContent')]",
                "arguments": "[parameters('arguments')]",
                "environmentVariables": "[variables('combinedEnvironmentVariablesAndSecureValues')]"
              }
            }
          ],
          "outputs": {
            "data": {
              "type": "object",
              "value": "[if(contains(reference(resourceId('Microsoft.Resources/deploymentScripts', parameters('name')), '2020-10-01'), 'outputs'), reference(resourceId('Microsoft.Resources/deploymentScripts', parameters('name')), '2020-10-01').outputs, createObject())]"
            }
          }
        }
      }
    }
  ]
}