{
  "location": {
    "value": "[parameters('location')]"
  },
  "userAssignedIdentityId": {
    "value": "[parameters('userAssignedIdentityId')]"
  },
  "aksName": {
    "value": "[reference(resourceId('Microsoft.Resources/deployments', 'AKS__Cluster'), '2022-09-01').outputs.name.value]"
  },
  "tagsByResource": {
    "value": "[parameters('tagsByResource')]"
  },
  "controllerFqdn": {
    "value": "[reference(resourceId('Microsoft.Resources/deployments', 'AAP__Applications'), '2022-09-01').outputs.automationControllerUrl.value]"
  }
}