{
  "aksName": {
    "value": "[reference(resourceId('Microsoft.Resources/deployments', 'AKS__Cluster'), '2022-09-01').outputs.name.value]"
  },
  "location": {
    "value": "[parameters('location')]"
  },
  "registryPassword": {
    "reference": {
      "keyVault": {
        "id": "[extensionResourceId(format('/subscriptions/{0}/resourceGroups/{1}', subscription().subscriptionId, resourceGroup().name), 'Microsoft.KeyVault/vaults', parameters('keyVaultName'))]"
      },
      "secretName": "registryPassword"
    }
  },
  "registryUsername": {
    "reference": {
      "keyVault": {
        "id": "[extensionResourceId(format('/subscriptions/{0}/resourceGroups/{1}', subscription().subscriptionId, resourceGroup().name), 'Microsoft.KeyVault/vaults', parameters('keyVaultName'))]"
      },
      "secretName": "registryUsername"
    }
  },
  "keyVaultName": {
    "value": "[parameters('keyVaultName')]"
  },
  "publicDnsZoneName": {
    "value": "[parameters('publicDNSZoneName')]"
  },
  "userAssignedIdentityId": {
    "value": "[parameters('userAssignedIdentityId')]"
  },
  "access": {
    "value": "[parameters('access')]"
  },
  "operatorsIndex": {
    "value": "[parameters('operatorsIndex')]"
  },
  "operatorsChannel": {
    "value": "[parameters('operatorsChannel')]"
  },
  "tagsByResource": {
    "value": "[parameters('tagsByResource')]"
  }
}