{
  "$schema": "https://schema.management.azure.com/schemas/2019-04-01/deploymentTemplate.json#",
  "contentVersion": "1.0.0.0",
  "metadata": {
    "_generator": {
      "name": "bicep",
      "version": "0.18.4.5664",
      "templateHash": "11271423693004115604"
    }
  },
  "parameters": {
    "aksName": {
      "type": "string",
      "defaultValue": ""
    },
    "location": {
      "type": "string",
      "defaultValue": ""
    },
    "userAssignedIdentityId": {
      "type": "string",
      "defaultValue": ""
    },
    "publicDnsZoneName": {
      "type": "string",
      "defaultValue": ""
    },
    "access": {
      "type": "string"
    },
    "keyVaultName": {
      "type": "string",
      "defaultValue": ""
    },
    "operatorsIndex": {
      "type": "string",
      "defaultValue": ""
    },
    "operatorsChannel": {
      "type": "string",
      "defaultValue": ""
    },
    "registryPassword": {
      "type": "securestring",
      "defaultValue": ""
    },
    "registryUsername": {
      "type": "securestring",
      "defaultValue": ""
    },
    "tagsByResource": {
      "type": "object",
      "defaultValue": {}
    }
  },
  "variables": {
    "$fxv#0": "#!/usr/bin/env bash\n#\n# Prepare the AKS cluster for AAP deployment by assign identities for billing and updating node pools' configuration.\n#\n# TODO(pabelanger): This should be moved into ansible execution environment making it easier for more people to support it.\nset -e\n\nAKS_NAME=${AKS_NAME:-''}\nIDENTITY_RESOURCE=${IDENTITY_RESOURCE:-''}\nBILLING_NAMESPACE=${BILLING_NAMESPACE:-'ansible-automation-platform-billing'}\nMETRICS_NAMESPACE=${METRICS_NAMESPACE:-'ansible-automation-platform-metrics'}\nOPERATORS_NAMESPACE=${OPERATORS_NAMESPACE:-'operators'}\nRESOURCE_GROUP=${RESOURCE_GROUP:-''}\nCERT_MANAGER_FICID=${CERT_MANAGER_FICID:-'cert-manager-workload-id'}\nBILLING_FICID=${BILLING_FICID:-'billing-workload-id'}\nMETRICS_FICID=${METRICS_FICID:-'metrics-workload-id'}\nCERT_MANAGER_SA_NAME=${CERT_MANAGER_SA_NAME:-'cert-manager'}\nBILLING_SA_NAME=${BILLING_SA_NAME:-'default'}\nMETRICS_SA_NAME=${METRICS_SA_NAME:-'default'}\n\nif [[ -z \"${AKS_NAME}\" ]]; then\n    echo \"$0: Environment variable AKS_NAME must be specified\"\n    exit 1\nfi\n\nif [[ -z \"${IDENTITY_RESOURCE}\" ]]; then\n    echo \"$0: Environment variable IDENTITY_RESOURCE must be specified\"\n    exit 1\nfi\n\nif [[ -z \"${RESOURCE_GROUP}\" ]]; then\n    echo \"$0: Environment variable RESOURCE_GROUP must be specified\"\n    exit 1\nfi\n\n#######################################\n# Execute a command against the private AKS cluster using command invoke.\n# Globals:\n#   RESOURCE_GROUP\n#   AKS_NAME\n# Arguments:\n#   1. CLI command to be executed against AKS cluster.\n#   2. Additional arguments to pass to the 'az aks command invoke'.\n# Outputs:\n#   Output of CMD executed via command invoke.\n#######################################\naz_aks_command() {\n  CMD=$1\n  CMDOPTS=$2\n  # shellcheck disable=SC2086\n  az aks command invoke --resource-group \"${RESOURCE_GROUP}\" --name \"${AKS_NAME}\" --command \"${CMD}\" ${CMDOPTS}\n}\n\n##Ensure AKS preview extention is added to allow enablement of workload-identity\naz extension add --name aks-preview --yes\n\n# Enable aks options for Workload Identity\naz aks update \\\n  --name \"${AKS_NAME}\" \\\n  --resource-group \"${RESOURCE_GROUP}\" \\\n  --enable-oidc-issuer \\\n  --enable-workload-identity\n\nCMD=\"kubectl create namespace ${BILLING_NAMESPACE} --dry-run=client -o yaml | kubectl apply -f -\"\naz_aks_command \"${CMD}\"\n\nCMD=\"kubectl create namespace ${METRICS_NAMESPACE} --dry-run=client -o yaml | kubectl apply -f -\"\naz_aks_command \"${CMD}\"\n\nNODE_RESOURCE_GROUP=$(az aks show \\\n  --name \"${AKS_NAME}\" \\\n  --output tsv \\\n  --query nodeResourceGroup \\\n  --resource-group \"${RESOURCE_GROUP}\")\n\nVMSS_NAME=$(az vmss list \\\n  --output tsv \\\n  --query '[].name' \\\n  --resource-group \"${NODE_RESOURCE_GROUP}\")\n\naz vmss identity assign \\\n  --identities \"${IDENTITY_RESOURCE}\" \\\n  --name \"${VMSS_NAME}\" \\\n  --resource-group \"${NODE_RESOURCE_GROUP}\"\n\nIDENTITY_CLIENT_NAME=\"$(az identity show \\\n  --id \"${IDENTITY_RESOURCE}\" \\\n  --output tsv \\\n  --query name)\"\n\nAKS_OIDC_ISSUER=\"$(az aks show \\\n  -n \"${AKS_NAME}\" \\\n  -g \"${RESOURCE_GROUP}\" \\\n  --query \"oidcIssuerProfile.issuerUrl\" -otsv)\"\n\n# Create federated identity for cert-manager\naz identity federated-credential create \\\n  --name \"${CERT_MANAGER_FICID}\" --identity-name \"${IDENTITY_CLIENT_NAME}\" \\\n  --resource-group \"${RESOURCE_GROUP}\" \\\n  --issuer \"${AKS_OIDC_ISSUER}\" \\\n  --subject system:serviceaccount:\"${OPERATORS_NAMESPACE}\":\"${CERT_MANAGER_SA_NAME}\"\n\n# Create federated identity for billing operator\naz identity federated-credential create \\\n  --name \"${BILLING_FICID}\" --identity-name \"${IDENTITY_CLIENT_NAME}\" \\\n  --resource-group \"${RESOURCE_GROUP}\" \\\n  --issuer \"${AKS_OIDC_ISSUER}\" \\\n  --subject system:serviceaccount:\"${BILLING_NAMESPACE}\":\"${BILLING_SA_NAME}\"\n\n# Create federated identity for metrics operator\naz identity federated-credential create \\\n  --name \"${METRICS_FICID}\" --identity-name \"${IDENTITY_CLIENT_NAME}\" \\\n  --resource-group \"${RESOURCE_GROUP}\" \\\n  --issuer \"${AKS_OIDC_ISSUER}\" \\\n  --subject system:serviceaccount:\"${METRICS_NAMESPACE}\":\"${METRICS_SA_NAME}\"\n",
    "$fxv#1": "#!/usr/bin/env bash\n#\n# Manually pull OLM-related resources and deploy OLM.\n# Using the operator-sdk to install OLM didn't work with private AKS.\nset -e\n\nAKS_NAME=${AKS_NAME:-''}\nRESOURCE_GROUP=${RESOURCE_GROUP:-''}\n\nif [[ -z \"${AKS_NAME}\" ]]; then\n    echo \"$0: Environment variable AKS_NAME must be specified\"\n    exit 1\nfi\n\nif [[ -z \"${RESOURCE_GROUP}\" ]]; then\n    echo \"$0: Environment variable RESOURCE_GROUP must be specified\"\n    exit 1\nfi\n\n#######################################\n# Execute a command against the private AKS cluster using command invoke.\n# Globals:\n#   RESOURCE_GROUP\n#   AKS_NAME\n# Arguments:\n#   1. CLI command to be executed against AKS cluster.\n#   2. Additional arguments to pass to the 'az aks command invoke'.\n# Outputs:\n#   Output of CMD executed via command invoke.\n#######################################\naz_aks_command() {\n  CMD=$1\n  CMDOPTS=$2\n  # shellcheck disable=SC2086\n  az aks command invoke --resource-group \"${RESOURCE_GROUP}\" --name \"${AKS_NAME}\" --command \"${CMD}\" ${CMDOPTS}\n}\n\nwait_for_command() {\n    CMD=$1\n    CMDOPTS=$2\n    TIMEOUT=600\n    until az_aks_command \"${CMD}\" \"${CMDOPTS}\" | grep exitcode=0 || test \"$TIMEOUT\" -le 0; do\n        (( TIMEOUT=TIMEOUT-10 )) && sleep 10\n    done\n    if [ \"$TIMEOUT\" -le 0 ]; then\n        echo \"ERROR: ${CMD}\"\n        exit 1\n    fi\n}\n\n# Pull the CRDs and OLM yaml for the operator-lifecycle-manager\n# Confirm sqlite catalog support has not been removed before attempting an upgrade of OLM.\n# The special cloud index used for fast channel operations still uses this type of catalog.\nrelease=\"v0.24.0\"\nbase_url=\"https://github.com/operator-framework/operator-lifecycle-manager/releases/download/\"\nurl=\"${base_url}/${release}\"\nnamespace=olm\ncurl -sOL ${url}/crds.yaml\ncurl -sOL ${url}/olm.yaml\n\n# Apply OLM CRDs\nCMD=\"kubectl create -f crds.yaml --dry-run=client -o yaml | kubectl apply --server-side=true -f -\"\nCMDOPTS=\"--file crds.yaml\"\naz_aks_command \"${CMD}\" \"${CMDOPTS}\"\n\n# Wait for CRDs to be established\nCMD=\"kubectl wait --for=condition=Established -f crds.yaml\"\nCMDOPTS=\"--file crds.yaml\"\naz_aks_command \"${CMD}\" \"${CMDOPTS}\"\n\n# Apply OLM itself.\nCMD=\"kubectl create -f olm.yaml --dry-run=client -o yaml | kubectl apply --server-side=true -f -\"\nCMDOPTS=\"--file olm.yaml\"\naz_aks_command \"${CMD}\" \"${CMDOPTS}\"\n\n# Wait for namespace to exist before continuing\nCMD=\"kubectl get namespace ${namespace}\"\nwait_for_command \"${CMD}\"\n\n# wait for deployments to be ready\nCMD=\"kubectl rollout status -w deployment/olm-operator --namespace='${namespace}'\"\nwait_for_command \"${CMD}\"\n\nCMD=\"kubectl rollout status -w deployment/catalog-operator --namespace='${namespace}'\"\nwait_for_command \"${CMD}\"\n\n# Wait for the packageserver CSV to succeed.\nretries=30\nuntil [[ $retries == 0 ]]; do\n    CMD=\"kubectl get csv -n '${namespace}' packageserver -o jsonpath='{.status.phase}'\"\n    # Note the tail -1 is necessary because the output from az_aks_command adds the time it took the container to run the command\n    # example:\n    # command started at 2022-02-01 22:43:53+00:00, finished at 2022-02-01 22:43:54+00:00 with exitcode=0\n    # Succeeded\n    new_csv_phase=$(az_aks_command \"${CMD}\" | tail -1 2>/dev/null || echo \"Waiting for CSV to appear\")\n    if [[ $new_csv_phase != \"$csv_phase\" ]]; then\n        csv_phase=$new_csv_phase\n        echo \"Package server phase: $csv_phase\"\n    fi\n    if [[ \"$new_csv_phase\" == \"Succeeded\" ]]; then\n        break\n    fi\n    sleep 10\n    retries=$((retries - 1))\ndone\n\nif [ $retries == 0 ]; then\n    echo \"CSV \\\"packageserver\\\" failed to reach phase succeeded\"\n    exit 1\nfi\n\nCMD=\"kubectl rollout status -w deployment/packageserver --namespace='${namespace}'\"\nwait_for_command \"${CMD}\"\n",
    "$fxv#2": "#!/usr/bin/env bash\nset -e\n\nAKS_NAME=${AKS_NAME:-''}\nCATALOG_NAMESPACE=${CATALOG_NAMESPACE:-'olm'}\nCERTIFIED_OPERATORS_INDEX_IMAGE=${CERTIFIED_OPERATORS_INDEX_IMAGE:-'registry.redhat.io/redhat/certified-operator-index:v4.11'}\nCERTIFIED_OPERATORS_SECRET=${CERTIFIED_OPERATORS_SECRET:-'certified-operators-pull-secret'}\nCERTIFIED_OPERATORS_SERVER=${CERTIFIED_OPERATORS_SERVER:-'registry.connect.redhat.com'}\nREDHAT_OPERATORS_INDEX_IMAGE=${REDHAT_OPERATORS_INDEX_IMAGE:-'registry.redhat.io/redhat/redhat-operator-index:v4.11'}\nREDHAT_OPERATORS_SECRET=${REDHAT_OPERATORS_SECRET:-'redhat-operators-pull-secret'}\nREDHAT_OPERATORS_SERVER=${REDHAT_OPERATORS_SERVER:-'registry.redhat.io'}\nREGISTRY_PASSWORD=${REGISTRY_PASSWORD:-''}\nREGISTRY_USERNAME=${REGISTRY_USERNAME:-''}\nRESOURCE_GROUP=${RESOURCE_GROUP:-''}\n\nif [[ -z \"${AKS_NAME}\" ]]; then\n    echo \"$0: Environment variable AKS_NAME must be specified\"\n    exit 1\nfi\n\nif [[ -z \"${REGISTRY_PASSWORD}\" ]]; then\n    echo \"$0: Environment variable REGISTRY_PASSWORD must be specified\"\n    exit 1\nfi\n\nif [[ -z \"${REGISTRY_USERNAME}\" ]]; then\n    echo \"$0: Environment variable REGISTRY_USERNAME must be specified\"\n    exit 1\nfi\n\nif [[ -z \"${RESOURCE_GROUP}\" ]]; then\n    echo \"$0: Environment variable RESOURCE_GROUP must be specified\"\n    exit 1\nfi\n\n#######################################\n# Execute a command against the private AKS cluster using command invoke.\n# Globals:\n#   RESOURCE_GROUP\n#   AKS_NAME\n# Arguments:\n#   1. CLI command to be executed against AKS cluster.\n#   2. Additional arguments to pass to the 'az aks command invoke'.\n# Outputs:\n#   Output of CMD executed via command invoke.\n#######################################\naz_aks_command() {\n  CMD=$1\n  CMDOPTS=$2\n  # shellcheck disable=SC2086\n  az aks command invoke --resource-group \"${RESOURCE_GROUP}\" --name \"${AKS_NAME}\" --command \"${CMD}\" ${CMDOPTS}\n}\n\nCMD=\"kubectl get crd catalogsources.operators.coreos.com\"\naz_aks_command \"${CMD}\"\n\ncat << EOF > .dockerconfigjson\n{\n  \"auths\": {\n    \"registry.redhat.io\": {\n      \"username\": \"${REGISTRY_USERNAME}\",\n      \"password\": \"${REGISTRY_PASSWORD}\"\n    },\n    \"registry.connect.redhat.com\": {\n      \"username\": \"${REGISTRY_USERNAME}\",\n      \"password\": \"${REGISTRY_PASSWORD}\"\n    },\n    \"brew.registry.redhat.io\": {\n      \"username\": \"${REGISTRY_USERNAME}\",\n      \"password\": \"${REGISTRY_PASSWORD}\"\n    }\n  }\n}\nEOF\n\nCMD=\"kubectl create secret docker-registry '${REDHAT_OPERATORS_SECRET}' --namespace=olm --from-file=.dockerconfigjson --dry-run=client -o yaml | kubectl apply -f -\"\nCMDOPTS=\"--file .dockerconfigjson\"\naz_aks_command \"${CMD}\" \"${CMDOPTS}\"\n\nCMD=\"kubectl create secret docker-registry '${CERTIFIED_OPERATORS_SECRET}' --namespace=olm --from-file=.dockerconfigjson --dry-run=client -o yaml | kubectl apply -f -\"\nCMDOPTS=\"--file .dockerconfigjson\"\naz_aks_command \"${CMD}\" \"${CMDOPTS}\"\n\ncat << EOF > catalog_source.yaml\n---\napiVersion: operators.coreos.com/v1alpha1\nkind: CatalogSource\nmetadata:\n  name: redhat-operators\n  namespace: ${CATALOG_NAMESPACE}\nspec:\n  displayName: Red Hat Operators\n  grpcPodConfig:\n    securityContextConfig: restricted\n  image: ${REDHAT_OPERATORS_INDEX_IMAGE}\n  publisher: aap-build-team\n  sourceType: grpc\n  secrets:\n    - ${REDHAT_OPERATORS_SECRET}\n  updateStrategy:\n    registryPoll:\n      interval: 10m0s\n---\napiVersion: operators.coreos.com/v1alpha1\nkind: CatalogSource\nmetadata:\n  name: certified-operators\n  namespace: ${CATALOG_NAMESPACE}\nspec:\n  displayName: Certified Operators\n  grpcPodConfig:\n    securityContextConfig: restricted\n  image: ${CERTIFIED_OPERATORS_INDEX_IMAGE}\n  publisher: aap-build-team\n  sourceType: grpc\n  secrets:\n    - ${CERTIFIED_OPERATORS_SECRET}\n    - ${REDHAT_OPERATORS_SECRET}\n  updateStrategy:\n    registryPoll:\n      interval: 10m0s\nEOF\nCMD=\"kubectl apply -f catalog_source.yaml\"\nCMDOPTS=\"--file catalog_source.yaml\"\naz_aks_command \"${CMD}\" \"${CMDOPTS}\"\n",
    "$fxv#3": "#!/usr/bin/env bash\nset -e\n\nAKS_NAME=${AKS_NAME:-''}\nOPERATORS_NAMESPACE=${OPERATORS_NAMESPACE:-'operators'}\nPROJECT_NAMESPACE=${PROJECT_NAMESPACE:-'cert-manager'}\nRESOURCE_GROUP=${RESOURCE_GROUP:-''}\nDNS_ZONE=${DNS_ZONE:-''}\nSUBSCRIPTION_ID=${SUBSCRIPTION_ID:-''}\nIDENTITY_RESOURCE=${IDENTITY_RESOURCE:-''}\nIDENTITY_CLIENT_ID=\"$(az identity show \\\n  --id \"${IDENTITY_RESOURCE}\" \\\n  --output tsv \\\n  --query clientId)\"\n\nif [[ -z \"${AKS_NAME}\" ]]; then\n    echo \"$0: Environment variable AKS_NAME must be specified\"\n    exit 1\nfi\n\nif [[ -z \"${RESOURCE_GROUP}\" ]]; then\n    echo \"$0: Environment variable RESOURCE_GROUP must be specified\"\n    exit 1\nfi\n\nif [[ -z \"${DNS_ZONE}\" ]]; then\n    echo \"$0: Environment variable DNS_ZONE must be specified\"\n    exit 1\nfi\nif [[ -z \"${SUBSCRIPTION_ID}\" ]]; then\n    echo \"$0: Environment variable SUBSCRIPTION_ID must be specified\"\n    exit 1\nfi\n\n#######################################\n# Execute a command against the private AKS cluster using command invoke.\n# Globals:\n#   RESOURCE_GROUP\n#   AKS_NAME\n# Arguments:\n#   1. CLI command to be executed against AKS cluster.\n#   2. Additional arguments to pass to the 'az aks command invoke'.\n# Outputs:\n#   Output of CMD executed via command invoke.\n#######################################\naz_aks_command() {\n  CMD=$1\n  CMDOPTS=$2\n  # shellcheck disable=SC2086\n  az aks command invoke --resource-group \"${RESOURCE_GROUP}\" --name \"${AKS_NAME}\" --command \"${CMD}\" ${CMDOPTS}\n}\n\nwait_for_command() {\n    CMD=$1\n    CMDOPTS=$2\n    TIMEOUT=600\n    until az_aks_command \"${CMD}\" \"${CMDOPTS}\" | grep exitcode=0 || test \"$TIMEOUT\" -le 0; do\n        (( TIMEOUT=TIMEOUT-10 )) && sleep 10\n    done\n    if [ \"$TIMEOUT\" -le 0 ]; then\n        echo \"ERROR: ${CMD}\"\n        exit 1\n    fi\n}\n\nfor operator in cert-manager cert-manager-cainjector cert-manager-webhook; do\n    CMD=\"kubectl rollout status -w deploy/${operator} -n ${OPERATORS_NAMESPACE}\"\n    wait_for_command \"${CMD}\"\ndone\n\nCMD=\"kubectl create namespace ${PROJECT_NAMESPACE} --dry-run=client -o yaml | kubectl apply -f -\"\naz_aks_command \"${CMD}\"\n\n# Patch cert-manager ServiceAccount for the attention of the Azure Workload Identity webhook\nCERT_MANAGER_SA=(\"cert-manager\" \"cert-manager-cainjector\" \"cert-manager-webhook\")\nfor sa in \"${CERT_MANAGER_SA[@]}\"; do\n  CMD=\"kubectl patch sa $sa -n ${OPERATORS_NAMESPACE} --type json --patch '[{\\\"op\\\": \\\"add\\\", \\\"path\\\": \\\"/metadata/labels/azure.workload.identity~1use\\\", \\\"value\\\": \\\"true\\\"}]'\"\n  az_aks_command \"${CMD}\"\ndone\n\n# Setup issuer that will issue TLS certificates for app gateway ingresses\ncat << EOF > appgw-cluster-issuer.yaml\n---\napiVersion: cert-manager.io/v1\nkind: ClusterIssuer\nmetadata:\n  name: appgw-cert-prod\nspec:\n  acme:\n    server: https://acme-v02.api.letsencrypt.org/directory\n    privateKeySecretRef:\n      name: appgw-cert-prod\n    solvers:\n    - dns01:\n        azureDNS:\n          subscriptionID: ${SUBSCRIPTION_ID}\n          resourceGroupName: ${RESOURCE_GROUP}\n          hostedZoneName: ${DNS_ZONE}\n          environment: AzurePublicCloud\n          managedIdentity:\n            clientID: ${IDENTITY_CLIENT_ID}\nEOF\nCMD=\"kubectl apply -f appgw-cluster-issuer.yaml\"\nCMDOPTS=\"--file appgw-cluster-issuer.yaml\"\naz_aks_command \"${CMD}\" \"${CMDOPTS}\"\n\nCMD=\"kubectl get csv -n ${OPERATORS_NAMESPACE} -o Name\"\nCERT_MANAGER_NAME=$(az_aks_command \"${CMD}\" | cut -d'/' -f2 | grep cert)\n\nCMD=\"kubectl get csv ${CERT_MANAGER_NAME} -n ${OPERATORS_NAMESPACE} -o json\"\nCMDOPTS=\"--output=json\"\nCERT_MANAGER_DEPLOYMENT_INDEX=$(az_aks_command \"${CMD}\" \"${CMDOPTS}\" | jq -r .logs | jq -r '.spec.install.spec.deployments | map(.name == \"cert-manager\") | index(true)')\n\n# Patch the cert-manager CSV to with pod label workload identity so it can set DNS challenge.\nCMD=\"kubectl patch csv ${CERT_MANAGER_NAME} -n ${OPERATORS_NAMESPACE} --type json --patch '[{\\\"op\\\": \\\"add\\\", \\\"path\\\": \\\"/spec/install/spec/deployments/${CERT_MANAGER_DEPLOYMENT_INDEX}/spec/template/metadata/labels/azure.workload.identity~1use\\\", \\\"value\\\": \\\"true\\\"}]'\"\nwait_for_command \"${CMD}\"\n",
    "$fxv#4": "#!/usr/bin/env bash\nset -e\n\nAKS_NAME=${AKS_NAME:-''}\nCATALOG_NAMESPACE=${CATALOG_NAMESPACE:-'olm'}\nPROJECT_NAMESPACE=${PROJECT_NAMESPACE:-'ansible-automation-platform'}\nREDHAT_OPERATORS_SECRET=${REDHAT_OPERATORS_SECRET:-'redhat-operators-pull-secret'}\nRESOURCE_GROUP=${RESOURCE_GROUP:-''}\nPUBLIC_DNS_ZONE_NAME=${PUBLIC_DNS_ZONE_NAME:-''}\nVAULT_NAME=${VAULT_NAME:-''}\n\nif [[ -z \"${AKS_NAME}\" ]]; then\n    echo \"$0: Environment variable AKS_NAME must be specified\"\n    exit 1\nfi\n\nif [[ -z \"${RESOURCE_GROUP}\" ]]; then\n    echo \"$0: Environment variable RESOURCE_GROUP must be specified\"\n    exit 1\nfi\n\nif [[ -z \"${PUBLIC_DNS_ZONE_NAME}\" ]]; then\n    echo \"$0: Environment variable PUBLIC_DNS_ZONE_NAME must be specified\"\n    exit 1\nfi\n\nif [[ -z \"${VAULT_NAME}\" ]]; then\n    echo \"$0: Environment variable VAULT_NAME must be specified\"\n    exit 1\nfi\n\n#######################################\n# Execute a command against the private AKS cluster using command invoke.\n# Globals:\n#   RESOURCE_GROUP\n#   AKS_NAME\n# Arguments:\n#   1. CLI command to be executed against AKS cluster.\n#   2. Additional arguments to pass to the 'az aks command invoke'.\n# Outputs:\n#   Output of CMD executed via command invoke.\n#######################################\naz_aks_command() {\n  CMD=$1\n  CMDOPTS=$2\n  # shellcheck disable=SC2086\n  az aks command invoke --resource-group \"${RESOURCE_GROUP}\" --name \"${AKS_NAME}\" --command \"${CMD}\" ${CMDOPTS}\n}\n\nwait_for_command() {\n    CMD=$1\n    CMDOPTS=$2\n    TIMEOUT=600\n    until az_aks_command \"${CMD}\" \"${CMDOPTS}\" | grep exitcode=0 || test \"$TIMEOUT\" -le 0; do\n        (( TIMEOUT=TIMEOUT-10 )) && sleep 10\n    done\n    if [ \"$TIMEOUT\" -le 0 ]; then\n        echo \"ERROR: ${CMD}\"\n        exit 1\n    fi\n}\n\n# Create PROJECT_NAMESPACE on the AKS cluster named AKS_NAME and copy the REDHAT_OPERATORS_SECRET into that namespace to prepare for AAP operator deployment.\n# This is necessary because, unlike OpenShift, AKS does not propagate a default pull secret to all namespaces.\nCMD=\"kubectl create namespace ${PROJECT_NAMESPACE} --dry-run=client -o yaml | kubectl apply -f -\"\naz_aks_command \"${CMD}\"\n\n# Extract the REDHAT_OPERATORS_SECRET pull secret from the CATALOG NAMESPACE and re-apply to PROJECT_NAMESPACE.\n# We use the command option \"--output=json\" to get json output from command invoke.\nCMD=\"kubectl get secrets -n ${CATALOG_NAMESPACE} ${REDHAT_OPERATORS_SECRET} -o json\"\nCMDOPTS=\"--output=json\"\n# The raw output of running CMD is found in '.logs' (hence jq).\n# Deleting the metadata to idempotently create the secret.\naz_aks_command \"${CMD}\" \"${CMDOPTS}\" | jq -r '.logs' | jq 'del(.metadata[\"namespace\",\"creationTimestamp\",\"resourceVersion\",\"selfLink\",\"uid\"])' > secrets.yaml\n\n# Propagate the extracted Red Hat pull secret to PROJECT_NAMESPACE\nCMD=\"kubectl apply -n ${PROJECT_NAMESPACE} -f secrets.yaml\"\nCMDOPTS=\"--file secrets.yaml\"\naz_aks_command \"${CMD}\" \"${CMDOPTS}\"\n\n# Request a SAN certificate for aap\ncat << EOF > aap-certificate.yaml\n---\napiVersion: cert-manager.io/v1\nkind: Certificate\nmetadata:\n  name: aap-tls\n  namespace: ${PROJECT_NAMESPACE}\nspec:\n  dnsNames:\n    - aap.${PUBLIC_DNS_ZONE_NAME}\n    - hub.${PUBLIC_DNS_ZONE_NAME}\n    - controller.${PUBLIC_DNS_ZONE_NAME}\n    - sso.${PUBLIC_DNS_ZONE_NAME}\n  issuerRef:\n    kind: ClusterIssuer\n    name: appgw-cert-prod\n  secretName: aap-tls\n  privateKey:\n    rotationPolicy: Always\n    algorithm: RSA\n    size: 4096\nEOF\nCMD=\"kubectl apply -f aap-certificate.yaml\"\nCMDOPTS=\"--file aap-certificate.yaml\"\naz_aks_command \"${CMD}\" \"${CMDOPTS}\"\n\n# First wait for the cert to exist before waiting for ready status\nCMD=\"kubectl get certificate aap-tls -n ${PROJECT_NAMESPACE}\"\nwait_for_command \"${CMD}\"\n\nCMD=\"kubectl wait certificate aap-tls -n ${PROJECT_NAMESPACE} --timeout=10m --for=condition=ready\"\nwait_for_command \"${CMD}\"\n",
    "$fxv#5": "#!/usr/bin/env bash\n#\n# Deploy the cert-manager, keycloak, nginx-ingress, and ansible-automation-platform operators.\nset -e\n\nAKS_NAME=${AKS_NAME:-''}\nCATALOG_NAMESPACE=${CATALOG_NAMESPACE:-'olm'}\nCERTIFIED_OPERATORS_SECRET=${CERTIFIED_OPERATORS_SECRET:-'certified-operators-pull-secret'}\nKEYCLOAK_NAMESPACE=${KEYCLOAK_NAMESPACE:-'keycloak'}\nOPERATORS_NAMESPACE=${OPERATORS_NAMESPACE:-'operators'}\nOPERATORS_CHANNEL=${OPERATORS_CHANNEL:-''}\nPROJECT_NAMESPACE=${PROJECT_NAMESPACE:-'ansible-automation-platform'}\nREDHAT_OPERATORS_SECRET=${REDHAT_OPERATORS_SECRET:-'redhat-operators-pull-secret'}\nRESOURCE_GROUP=${RESOURCE_GROUP:-''}\nACCESS=${ACCESS:-''}\n\n\nif [[ -z \"${AKS_NAME}\" ]]; then\n    echo \"$0: Environment variable AKS_NAME must be specified\"\n    exit 1\nfi\n\nif [[ -z \"${RESOURCE_GROUP}\" ]]; then\n    echo \"$0: Environment variable RESOURCE_GROUP must be specified\"\n    exit 1\nfi\n\nif [[ -z \"${ACCESS}\" ]]; then\n    echo \"$0: Environment variable ACCESS must be specified\"\n    exit 1\nfi\n\nif [[ -z \"${OPERATORS_CHANNEL}\" ]]; then\n    echo \"$0: Environment variable OPERATORS_CHANNEL must be specified\"\n    exit 1\nfi\n\n#######################################\n# Execute a command against the private AKS cluster using command invoke.\n# Globals:\n#   RESOURCE_GROUP\n#   AKS_NAME\n# Arguments:\n#   1. CLI command to be executed against AKS cluster.\n#   2. Additional arguments to pass to the 'az aks command invoke'.\n# Outputs:\n#   Output of CMD executed via command invoke.\n#######################################\naz_aks_command() {\n  CMD=$1\n  CMDOPTS=$2\n  # shellcheck disable=SC2086\n  az aks command invoke --resource-group \"${RESOURCE_GROUP}\" --name \"${AKS_NAME}\" --command \"${CMD}\" ${CMDOPTS}\n}\n\n# Timeouts below increased to 1200 (2x other scripts) because we have seen them time out sporadically\n# If timeouts continue to be seen, more investigation is needed\nwait_for_command() {\n    CMD=$1\n    CMDOPTS=$2\n    TIMEOUT=1200\n    until az_aks_command \"${CMD}\" \"${CMDOPTS}\" | grep exitcode=0 || test \"$TIMEOUT\" -le 0; do\n        (( TIMEOUT=TIMEOUT-10 )) && sleep 10\n    done\n    if [ \"$TIMEOUT\" -le 0 ]; then\n        echo \"ERROR: ${CMD}\"\n        exit 1\n    fi\n}\n\nfor catalog in operatorhubio-catalog redhat-operators certified-operators; do\n    TIMEOUT=1200\n    until az_aks_command \"kubectl get catalogsources -n $CATALOG_NAMESPACE ${catalog} --template='{{ .status.connectionState.lastObservedState }}'\" | grep -q READY || test \"$TIMEOUT\" -le 0; do\n        (( TIMEOUT=TIMEOUT-10 )) && sleep 10\n    done\n\n    if [ \"$TIMEOUT\" -le 0 ]; then\n        echo \"${catalog} is not READY\"\n        exit 1\n    fi\ndone\n\n# NOTE(pabelanger): Ensure the operators namespace has access to the catalog secret:\n# https://olm.operatorframework.io/docs/tasks/make-catalog-available-on-cluster/#using-registry-images-that-require-authentication-as-catalogbundleoperatoroperand-images\n# We use the command option \"--output=json\" to get json output from command invoke.\n# The raw output of running CMD is found in '.logs' (hence jq)\nCMD=\"kubectl get secrets -n ${CATALOG_NAMESPACE} ${CERTIFIED_OPERATORS_SECRET} -o json\"\nCMDOPTS=\"--output=json\"\naz_aks_command \"${CMD}\" \"${CMDOPTS}\" | jq -r '.logs' | jq 'del(.metadata[\"namespace\",\"creationTimestamp\",\"resourceVersion\",\"selfLink\",\"uid\"])' > secrets.yaml\n\nCMD=\"kubectl apply -n ${OPERATORS_NAMESPACE} -f secrets.yaml\"\nCMDOPTS=\"--file secrets.yaml\"\naz_aks_command \"${CMD}\" \"${CMDOPTS}\"\n\n# We use the command option \"--output=json\" to get json output from command invoke.\n# The raw output of running CMD is found in '.logs' (hence jq)\nCMD=\"kubectl get secrets -n ${CATALOG_NAMESPACE} ${REDHAT_OPERATORS_SECRET} -o json\"\nCMDOPTS=\"--output=json\"\naz_aks_command \"${CMD}\" \"${CMDOPTS}\" | jq -r '.logs' | jq 'del(.metadata[\"namespace\",\"creationTimestamp\",\"resourceVersion\",\"selfLink\",\"uid\"])' > rh_secrets.yaml\n\nCMD=\"kubectl apply -n ${OPERATORS_NAMESPACE} -f rh_secrets.yaml\"\nCMDOPTS=\"--file rh_secrets.yaml\"\naz_aks_command \"${CMD}\" \"${CMDOPTS}\"\n\ncat << EOF > cert-manager-operator.yaml\n---\napiVersion: operators.coreos.com/v1alpha1\nkind: Subscription\nmetadata:\n  name: cert-manager\n  namespace: ${OPERATORS_NAMESPACE}\nspec:\n  channel: stable\n  installPlanApproval: Automatic\n  name: cert-manager\n  source: operatorhubio-catalog\n  sourceNamespace: ${CATALOG_NAMESPACE}\nEOF\nCMD=\"kubectl apply -f cert-manager-operator.yaml\"\nCMDOPTS=\"--file cert-manager-operator.yaml\"\naz_aks_command \"${CMD}\" \"${CMDOPTS}\"\n\nTIMEOUT=600\nuntil test \"$TIMEOUT\" -le 0 ; do\n    CMD=\"kubectl get subscriptions -n ${OPERATORS_NAMESPACE} cert-manager -o json\"\n    CMDOPTS=\"--output=json\"\n    RESULT=$(az_aks_command \"${CMD}\" \"${CMDOPTS}\" | jq -r .logs | jq -r '.status.installedCSV')\n    [ \"$RESULT\" != \"null\" ] && break\n    echo \"waiting on cert-manager CSV\"\n    (( TIMEOUT=TIMEOUT-10 )) && sleep 10\ndone\n\nif [ \"$TIMEOUT\" -le 0 ]; then\n    echo \"ERROR: cert-manager is not READY\"\n    exit 1\nfi\n\ncat << EOF > keycloak-operator.yaml\n---\napiVersion: v1\nkind: Namespace\nmetadata:\n  name: ${KEYCLOAK_NAMESPACE}\n---\napiVersion: operators.coreos.com/v1\nkind: OperatorGroup\nmetadata:\n  name: keycloak-operator-group\n  namespace: ${KEYCLOAK_NAMESPACE}\nspec:\n  targetNamespaces:\n    - ${PROJECT_NAMESPACE}\n---\napiVersion: operators.coreos.com/v1alpha1\nkind: Subscription\nmetadata:\n  name: keycloak-operator\n  namespace: ${KEYCLOAK_NAMESPACE}\nspec:\n  channel: alpha\n  name: keycloak-operator\n  installPlanApproval: Automatic\n  source: operatorhubio-catalog\n  sourceNamespace: ${CATALOG_NAMESPACE}\nEOF\nCMD=\"kubectl apply -f keycloak-operator.yaml\"\nCMDOPTS=\"--file keycloak-operator.yaml\"\naz_aks_command \"${CMD}\" \"${CMDOPTS}\"\n\nTIMEOUT=600\nuntil test \"$TIMEOUT\" -le 0 ; do\n    CMD=\"kubectl get subscriptions -n ${KEYCLOAK_NAMESPACE} keycloak-operator -o json\"\n    CMDOPTS=\"--output=json\"\n    RESULT=$(az_aks_command \"${CMD}\" \"${CMDOPTS}\" | jq -r .logs | jq -r '.status.installedCSV')\n    [ \"$RESULT\" != \"null\" ] && break\n    echo \"waiting on keycloak-operator CSV\"\n    (( TIMEOUT=TIMEOUT-10 )) && sleep 10\ndone\n\nif [ \"$TIMEOUT\" -le 0 ]; then\n    echo \"ERROR: keycloak is not READY\"\n    exit 1\nfi\n\nif [[ \"${ACCESS,,}\" == \"private\" ]]; then\n  cat << EOF > nginx-ingress-operator.yaml\n---\napiVersion: operators.coreos.com/v1alpha1\nkind: Subscription\nmetadata:\n  name: nginx-ingress-operator\n  namespace: ${OPERATORS_NAMESPACE}\nspec:\n  channel: alpha\n  installPlanApproval: Automatic\n  name: nginx-ingress-operator\n  source: certified-operators\n  sourceNamespace: ${CATALOG_NAMESPACE}\nEOF\n  CMD=\"kubectl apply -f nginx-ingress-operator.yaml\"\n  CMDOPTS=\"--file nginx-ingress-operator.yaml\"\n  az_aks_command \"${CMD}\" \"${CMDOPTS}\"\n\n  OPERATOR=\"nginx-ingress-operator-controller-manager\"\n\n  CMD=\"kubectl get serviceaccounts ${OPERATOR} -n ${OPERATORS_NAMESPACE}\"\n  wait_for_command \"${CMD}\"\n\n  CMD=\"kubectl patch serviceaccounts ${OPERATOR} \\\n      -n ${OPERATORS_NAMESPACE} \\\n      -p '{\\\"imagePullSecrets\\\": [{\\\"name\\\": \\\"'${CERTIFIED_OPERATORS_SECRET}'\\\"},{\\\"name\\\": \\\"'${REDHAT_OPERATORS_SECRET}'\\\"}]}'\"\n  az_aks_command \"${CMD}\"\n\n  CMD=\"kubectl rollout restart deployment/${OPERATOR} \\\n      -n ${OPERATORS_NAMESPACE}\"\n  az_aks_command \"${CMD}\"\n\n  # TODO(pabelanger): Handle PodSecurityPolicy set to runAsNonRoot... why?\n  cat << EOF > patch-nginx-ingress-operator.yaml\n---\nspec:\n  template:\n    spec:\n      securityContext:\n        runAsUser: 999\nEOF\n  CMD=\"kubectl patch deployments ${OPERATOR} \\\n      -n ${OPERATORS_NAMESPACE} \\\n      -p \\\"$(cat patch-nginx-ingress-operator.yaml)\\\"\"\n  az_aks_command \"${CMD}\"\n\n  CMD=\"kubectl rollout status deployment/${OPERATOR} \\\n      -n ${OPERATORS_NAMESPACE}\"\n  az_aks_command \"${CMD}\"\nfi\n\ncat << EOF > ansible-automation-platform-operator.yaml\n---\napiVersion: operators.coreos.com/v1alpha1\nkind: Subscription\nmetadata:\n  name: ansible-automation-platform-operator\n  namespace: ${OPERATORS_NAMESPACE}\nspec:\n  channel: ${OPERATORS_CHANNEL}\n  installPlanApproval: Automatic\n  name: ansible-automation-platform-operator\n  source: redhat-operators\n  sourceNamespace: ${CATALOG_NAMESPACE}\nEOF\nCMD=\"kubectl apply -f ansible-automation-platform-operator.yaml\"\nCMDOPTS=\"--file ansible-automation-platform-operator.yaml\"\naz_aks_command \"${CMD}\" \"${CMDOPTS}\"\n\n\ncat << EOF > ansible-cloud-addons-operator.yaml\n---\napiVersion: operators.coreos.com/v1alpha1\nkind: Subscription\nmetadata:\n  name: ansible-cloud-addons-operator\n  namespace: ${OPERATORS_NAMESPACE}\nspec:\n  channel: ${OPERATORS_CHANNEL}\n  installPlanApproval: Automatic\n  name: ansible-cloud-addons-operator\n  source: redhat-operators\n  sourceNamespace: ${CATALOG_NAMESPACE}\nEOF\nCMD=\"kubectl apply -f ansible-cloud-addons-operator.yaml\"\nCMDOPTS=\"--file ansible-cloud-addons-operator.yaml\"\naz_aks_command \"${CMD}\" \"${CMDOPTS}\"\n\n\nCMD=\"kubectl get subscriptions -n ${OPERATORS_NAMESPACE} -o json\"\nCMDOPTS=\"--output=json\"\nOPERATORS=$(az_aks_command \"${CMD}\" \"${CMDOPTS}\" | jq -r .logs | jq -r '.items[] | .metadata.name')\nfor operator in $OPERATORS; do\n    az_aks_command \"kubectl patch subscription ${operator} -n ${OPERATORS_NAMESPACE} --type merge --patch '{\\\"spec\\\": {\\\"installPlanApproval\\\": \\\"Manual\\\"}}'\"\ndone\n\nCMD=\"kubectl get subscriptions -n ${KEYCLOAK_NAMESPACE} -o json\"\nCMDOPTS=\"--output=json\"\nKEYOPERATOR=$(az_aks_command \"${CMD}\" \"${CMDOPTS}\" | jq -r .logs | jq -r '.items[] | .metadata.name')\naz_aks_command \"kubectl patch subscription ${KEYOPERATOR[0]} -n ${KEYCLOAK_NAMESPACE} --type merge --patch '{\\\"spec\\\": {\\\"installPlanApproval\\\": \\\"Manual\\\"}}'\"\n"
  },
  "resources": [
    {
      "type": "Microsoft.Resources/deployments",
      "apiVersion": "2022-09-01",
      "name": "aksDeploymentScript",
      "properties": {
        "expressionEvaluationOptions": {
          "scope": "inner"
        },
        "mode": "Incremental",
        "parameters": {
          "name": {
            "value": "[format('ds-prepare-aks-{0}', parameters('location'))]"
          },
          "location": {
            "value": "[parameters('location')]"
          },
          "scriptContent": {
            "value": "[variables('$fxv#0')]"
          },
          "userAssignedIdentityId": {
            "value": "[parameters('userAssignedIdentityId')]"
          },
          "tagsByResource": {
            "value": "[parameters('tagsByResource')]"
          },
          "environmentVariables": {
            "value": [
              {
                "name": "AKS_NAME",
                "value": "[parameters('aksName')]"
              },
              {
                "name": "RESOURCE_GROUP",
                "value": "[resourceGroup().name]"
              },
              {
                "name": "IDENTITY_RESOURCE",
                "value": "[parameters('userAssignedIdentityId')]"
              }
            ]
          }
        },
        "template": {
          "$schema": "https://schema.management.azure.com/schemas/2019-04-01/deploymentTemplate.json#",
          "contentVersion": "1.0.0.0",
          "metadata": {
            "_generator": {
              "name": "bicep",
              "version": "0.18.4.5664",
              "templateHash": "3001068398413510809"
            }
          },
          "parameters": {
            "arguments": {
              "type": "string",
              "defaultValue": ""
            },
            "azCliVersion": {
              "type": "string",
              "defaultValue": "2.40.0"
            },
            "azureFunctionAPIKey": {
              "type": "securestring",
              "defaultValue": ""
            },
            "cleanupPreference": {
              "type": "string",
              "defaultValue": "Always",
              "allowedValues": [
                "Always",
                "OnExpiration",
                "OnSuccess"
              ]
            },
            "environmentVariables": {
              "type": "array",
              "defaultValue": []
            },
            "location": {
              "type": "string",
              "defaultValue": ""
            },
            "name": {
              "type": "string",
              "defaultValue": ""
            },
            "registryPassword": {
              "type": "securestring",
              "defaultValue": ""
            },
            "registryUsername": {
              "type": "securestring",
              "defaultValue": ""
            },
            "retentionInterval": {
              "type": "string",
              "defaultValue": "P1D"
            },
            "scriptContent": {
              "type": "string",
              "defaultValue": ""
            },
            "servicePrincipalId": {
              "type": "securestring",
              "defaultValue": ""
            },
            "servicePrincipalSecret": {
              "type": "securestring",
              "defaultValue": ""
            },
            "tenantId": {
              "type": "securestring",
              "defaultValue": ""
            },
            "userAssignedIdentityId": {
              "type": "string",
              "defaultValue": ""
            },
            "tagsByResource": {
              "type": "object",
              "defaultValue": {}
            }
          },
          "variables": {
            "registrySecureValues": "[if(and(not(empty(parameters('registryPassword'))), not(empty(parameters('registryUsername')))), createArray(createObject('name', 'REGISTRY_PASSWORD', 'secureValue', parameters('registryPassword')), createObject('name', 'REGISTRY_USERNAME', 'secureValue', parameters('registryUsername'))), createArray())]",
            "azureFunctionAPIKeySecureValues": "[if(not(empty(parameters('azureFunctionAPIKey'))), createArray(createObject('name', 'AZURE_FUNCTION_API_KEY', 'secureValue', parameters('azureFunctionAPIKey'))), createArray())]",
            "servicePrincipalSecureValues": "[if(and(and(not(empty(parameters('servicePrincipalId'))), not(empty(parameters('servicePrincipalSecret')))), not(empty(parameters('tenantId')))), createArray(createObject('name', 'SERVICE_PRINCIPAL_ID', 'secureValue', parameters('servicePrincipalId')), createObject('name', 'SERVICE_PRINCIPAL_SECRET', 'secureValue', parameters('servicePrincipalSecret')), createObject('name', 'TENANT_ID', 'secureValue', parameters('tenantId'))), createArray())]",
            "combinedEnvironmentVariablesAndSecureValues": "[union(parameters('environmentVariables'), variables('registrySecureValues'), variables('azureFunctionAPIKeySecureValues'), variables('servicePrincipalSecureValues'))]"
          },
          "resources": [
            {
              "type": "Microsoft.Resources/deploymentScripts",
              "apiVersion": "2020-10-01",
              "name": "[parameters('name')]",
              "location": "[parameters('location')]",
              "kind": "AzureCLI",
              "tags": "[if(contains(parameters('tagsByResource'), 'Microsoft.Resources/deploymentScripts'), parameters('tagsByResource')['Microsoft.Resources/deploymentScripts'], createObject())]",
              "identity": {
                "type": "UserAssigned",
                "userAssignedIdentities": {
                  "[format('{0}', parameters('userAssignedIdentityId'))]": {}
                }
              },
              "properties": {
                "azCliVersion": "[parameters('azCliVersion')]",
                "cleanupPreference": "[parameters('cleanupPreference')]",
                "retentionInterval": "[parameters('retentionInterval')]",
                "scriptContent": "[parameters('scriptContent')]",
                "arguments": "[parameters('arguments')]",
                "environmentVariables": "[variables('combinedEnvironmentVariablesAndSecureValues')]"
              }
            }
          ],
          "outputs": {
            "data": {
              "type": "object",
              "value": "[if(contains(reference(resourceId('Microsoft.Resources/deploymentScripts', parameters('name')), '2020-10-01'), 'outputs'), reference(resourceId('Microsoft.Resources/deploymentScripts', parameters('name')), '2020-10-01').outputs, createObject())]"
            }
          }
        }
      },
      "dependsOn": [
        "[resourceId('Microsoft.Resources/deployments', 'catalogDeploymentScript')]",
        "[resourceId('Microsoft.Resources/deployments', 'olmDeploymentScript')]"
      ]
    },
    {
      "type": "Microsoft.Resources/deployments",
      "apiVersion": "2022-09-01",
      "name": "olmDeploymentScript",
      "properties": {
        "expressionEvaluationOptions": {
          "scope": "inner"
        },
        "mode": "Incremental",
        "parameters": {
          "name": {
            "value": "[format('ds-prepare-olm-{0}', parameters('location'))]"
          },
          "location": {
            "value": "[parameters('location')]"
          },
          "scriptContent": {
            "value": "[variables('$fxv#1')]"
          },
          "userAssignedIdentityId": {
            "value": "[parameters('userAssignedIdentityId')]"
          },
          "tagsByResource": {
            "value": "[parameters('tagsByResource')]"
          },
          "environmentVariables": {
            "value": [
              {
                "name": "AKS_NAME",
                "value": "[parameters('aksName')]"
              },
              {
                "name": "RESOURCE_GROUP",
                "value": "[resourceGroup().name]"
              }
            ]
          }
        },
        "template": {
          "$schema": "https://schema.management.azure.com/schemas/2019-04-01/deploymentTemplate.json#",
          "contentVersion": "1.0.0.0",
          "metadata": {
            "_generator": {
              "name": "bicep",
              "version": "0.18.4.5664",
              "templateHash": "3001068398413510809"
            }
          },
          "parameters": {
            "arguments": {
              "type": "string",
              "defaultValue": ""
            },
            "azCliVersion": {
              "type": "string",
              "defaultValue": "2.40.0"
            },
            "azureFunctionAPIKey": {
              "type": "securestring",
              "defaultValue": ""
            },
            "cleanupPreference": {
              "type": "string",
              "defaultValue": "Always",
              "allowedValues": [
                "Always",
                "OnExpiration",
                "OnSuccess"
              ]
            },
            "environmentVariables": {
              "type": "array",
              "defaultValue": []
            },
            "location": {
              "type": "string",
              "defaultValue": ""
            },
            "name": {
              "type": "string",
              "defaultValue": ""
            },
            "registryPassword": {
              "type": "securestring",
              "defaultValue": ""
            },
            "registryUsername": {
              "type": "securestring",
              "defaultValue": ""
            },
            "retentionInterval": {
              "type": "string",
              "defaultValue": "P1D"
            },
            "scriptContent": {
              "type": "string",
              "defaultValue": ""
            },
            "servicePrincipalId": {
              "type": "securestring",
              "defaultValue": ""
            },
            "servicePrincipalSecret": {
              "type": "securestring",
              "defaultValue": ""
            },
            "tenantId": {
              "type": "securestring",
              "defaultValue": ""
            },
            "userAssignedIdentityId": {
              "type": "string",
              "defaultValue": ""
            },
            "tagsByResource": {
              "type": "object",
              "defaultValue": {}
            }
          },
          "variables": {
            "registrySecureValues": "[if(and(not(empty(parameters('registryPassword'))), not(empty(parameters('registryUsername')))), createArray(createObject('name', 'REGISTRY_PASSWORD', 'secureValue', parameters('registryPassword')), createObject('name', 'REGISTRY_USERNAME', 'secureValue', parameters('registryUsername'))), createArray())]",
            "azureFunctionAPIKeySecureValues": "[if(not(empty(parameters('azureFunctionAPIKey'))), createArray(createObject('name', 'AZURE_FUNCTION_API_KEY', 'secureValue', parameters('azureFunctionAPIKey'))), createArray())]",
            "servicePrincipalSecureValues": "[if(and(and(not(empty(parameters('servicePrincipalId'))), not(empty(parameters('servicePrincipalSecret')))), not(empty(parameters('tenantId')))), createArray(createObject('name', 'SERVICE_PRINCIPAL_ID', 'secureValue', parameters('servicePrincipalId')), createObject('name', 'SERVICE_PRINCIPAL_SECRET', 'secureValue', parameters('servicePrincipalSecret')), createObject('name', 'TENANT_ID', 'secureValue', parameters('tenantId'))), createArray())]",
            "combinedEnvironmentVariablesAndSecureValues": "[union(parameters('environmentVariables'), variables('registrySecureValues'), variables('azureFunctionAPIKeySecureValues'), variables('servicePrincipalSecureValues'))]"
          },
          "resources": [
            {
              "type": "Microsoft.Resources/deploymentScripts",
              "apiVersion": "2020-10-01",
              "name": "[parameters('name')]",
              "location": "[parameters('location')]",
              "kind": "AzureCLI",
              "tags": "[if(contains(parameters('tagsByResource'), 'Microsoft.Resources/deploymentScripts'), parameters('tagsByResource')['Microsoft.Resources/deploymentScripts'], createObject())]",
              "identity": {
                "type": "UserAssigned",
                "userAssignedIdentities": {
                  "[format('{0}', parameters('userAssignedIdentityId'))]": {}
                }
              },
              "properties": {
                "azCliVersion": "[parameters('azCliVersion')]",
                "cleanupPreference": "[parameters('cleanupPreference')]",
                "retentionInterval": "[parameters('retentionInterval')]",
                "scriptContent": "[parameters('scriptContent')]",
                "arguments": "[parameters('arguments')]",
                "environmentVariables": "[variables('combinedEnvironmentVariablesAndSecureValues')]"
              }
            }
          ],
          "outputs": {
            "data": {
              "type": "object",
              "value": "[if(contains(reference(resourceId('Microsoft.Resources/deploymentScripts', parameters('name')), '2020-10-01'), 'outputs'), reference(resourceId('Microsoft.Resources/deploymentScripts', parameters('name')), '2020-10-01').outputs, createObject())]"
            }
          }
        }
      }
    },
    {
      "type": "Microsoft.Resources/deployments",
      "apiVersion": "2022-09-01",
      "name": "catalogDeploymentScript",
      "properties": {
        "expressionEvaluationOptions": {
          "scope": "inner"
        },
        "mode": "Incremental",
        "parameters": {
          "name": {
            "value": "[format('ds-prepare-catalog-source-{0}', parameters('location'))]"
          },
          "location": {
            "value": "[parameters('location')]"
          },
          "tagsByResource": {
            "value": "[parameters('tagsByResource')]"
          },
          "environmentVariables": {
            "value": [
              {
                "name": "AKS_NAME",
                "value": "[parameters('aksName')]"
              },
              {
                "name": "RESOURCE_GROUP",
                "value": "[resourceGroup().name]"
              },
              {
                "name": "REDHAT_OPERATORS_INDEX_IMAGE",
                "value": "[parameters('operatorsIndex')]"
              }
            ]
          },
          "registryPassword": {
            "value": "[parameters('registryPassword')]"
          },
          "registryUsername": {
            "value": "[parameters('registryUsername')]"
          },
          "scriptContent": {
            "value": "[variables('$fxv#2')]"
          },
          "userAssignedIdentityId": {
            "value": "[parameters('userAssignedIdentityId')]"
          }
        },
        "template": {
          "$schema": "https://schema.management.azure.com/schemas/2019-04-01/deploymentTemplate.json#",
          "contentVersion": "1.0.0.0",
          "metadata": {
            "_generator": {
              "name": "bicep",
              "version": "0.18.4.5664",
              "templateHash": "3001068398413510809"
            }
          },
          "parameters": {
            "arguments": {
              "type": "string",
              "defaultValue": ""
            },
            "azCliVersion": {
              "type": "string",
              "defaultValue": "2.40.0"
            },
            "azureFunctionAPIKey": {
              "type": "securestring",
              "defaultValue": ""
            },
            "cleanupPreference": {
              "type": "string",
              "defaultValue": "Always",
              "allowedValues": [
                "Always",
                "OnExpiration",
                "OnSuccess"
              ]
            },
            "environmentVariables": {
              "type": "array",
              "defaultValue": []
            },
            "location": {
              "type": "string",
              "defaultValue": ""
            },
            "name": {
              "type": "string",
              "defaultValue": ""
            },
            "registryPassword": {
              "type": "securestring",
              "defaultValue": ""
            },
            "registryUsername": {
              "type": "securestring",
              "defaultValue": ""
            },
            "retentionInterval": {
              "type": "string",
              "defaultValue": "P1D"
            },
            "scriptContent": {
              "type": "string",
              "defaultValue": ""
            },
            "servicePrincipalId": {
              "type": "securestring",
              "defaultValue": ""
            },
            "servicePrincipalSecret": {
              "type": "securestring",
              "defaultValue": ""
            },
            "tenantId": {
              "type": "securestring",
              "defaultValue": ""
            },
            "userAssignedIdentityId": {
              "type": "string",
              "defaultValue": ""
            },
            "tagsByResource": {
              "type": "object",
              "defaultValue": {}
            }
          },
          "variables": {
            "registrySecureValues": "[if(and(not(empty(parameters('registryPassword'))), not(empty(parameters('registryUsername')))), createArray(createObject('name', 'REGISTRY_PASSWORD', 'secureValue', parameters('registryPassword')), createObject('name', 'REGISTRY_USERNAME', 'secureValue', parameters('registryUsername'))), createArray())]",
            "azureFunctionAPIKeySecureValues": "[if(not(empty(parameters('azureFunctionAPIKey'))), createArray(createObject('name', 'AZURE_FUNCTION_API_KEY', 'secureValue', parameters('azureFunctionAPIKey'))), createArray())]",
            "servicePrincipalSecureValues": "[if(and(and(not(empty(parameters('servicePrincipalId'))), not(empty(parameters('servicePrincipalSecret')))), not(empty(parameters('tenantId')))), createArray(createObject('name', 'SERVICE_PRINCIPAL_ID', 'secureValue', parameters('servicePrincipalId')), createObject('name', 'SERVICE_PRINCIPAL_SECRET', 'secureValue', parameters('servicePrincipalSecret')), createObject('name', 'TENANT_ID', 'secureValue', parameters('tenantId'))), createArray())]",
            "combinedEnvironmentVariablesAndSecureValues": "[union(parameters('environmentVariables'), variables('registrySecureValues'), variables('azureFunctionAPIKeySecureValues'), variables('servicePrincipalSecureValues'))]"
          },
          "resources": [
            {
              "type": "Microsoft.Resources/deploymentScripts",
              "apiVersion": "2020-10-01",
              "name": "[parameters('name')]",
              "location": "[parameters('location')]",
              "kind": "AzureCLI",
              "tags": "[if(contains(parameters('tagsByResource'), 'Microsoft.Resources/deploymentScripts'), parameters('tagsByResource')['Microsoft.Resources/deploymentScripts'], createObject())]",
              "identity": {
                "type": "UserAssigned",
                "userAssignedIdentities": {
                  "[format('{0}', parameters('userAssignedIdentityId'))]": {}
                }
              },
              "properties": {
                "azCliVersion": "[parameters('azCliVersion')]",
                "cleanupPreference": "[parameters('cleanupPreference')]",
                "retentionInterval": "[parameters('retentionInterval')]",
                "scriptContent": "[parameters('scriptContent')]",
                "arguments": "[parameters('arguments')]",
                "environmentVariables": "[variables('combinedEnvironmentVariablesAndSecureValues')]"
              }
            }
          ],
          "outputs": {
            "data": {
              "type": "object",
              "value": "[if(contains(reference(resourceId('Microsoft.Resources/deploymentScripts', parameters('name')), '2020-10-01'), 'outputs'), reference(resourceId('Microsoft.Resources/deploymentScripts', parameters('name')), '2020-10-01').outputs, createObject())]"
            }
          }
        }
      },
      "dependsOn": [
        "[resourceId('Microsoft.Resources/deployments', 'olmDeploymentScript')]"
      ]
    },
    {
      "type": "Microsoft.Resources/deployments",
      "apiVersion": "2022-09-01",
      "name": "certManagerDeploymentScript",
      "properties": {
        "expressionEvaluationOptions": {
          "scope": "inner"
        },
        "mode": "Incremental",
        "parameters": {
          "name": {
            "value": "[format('ds-prepare-cert-manager-{0}', parameters('location'))]"
          },
          "location": {
            "value": "[parameters('location')]"
          },
          "tagsByResource": {
            "value": "[parameters('tagsByResource')]"
          },
          "environmentVariables": {
            "value": [
              {
                "name": "AKS_NAME",
                "value": "[parameters('aksName')]"
              },
              {
                "name": "RESOURCE_GROUP",
                "value": "[resourceGroup().name]"
              },
              {
                "name": "DNS_ZONE",
                "value": "[parameters('publicDnsZoneName')]"
              },
              {
                "name": "SUBSCRIPTION_ID",
                "value": "[subscription().subscriptionId]"
              },
              {
                "name": "IDENTITY_RESOURCE",
                "value": "[parameters('userAssignedIdentityId')]"
              }
            ]
          },
          "scriptContent": {
            "value": "[variables('$fxv#3')]"
          },
          "userAssignedIdentityId": {
            "value": "[parameters('userAssignedIdentityId')]"
          }
        },
        "template": {
          "$schema": "https://schema.management.azure.com/schemas/2019-04-01/deploymentTemplate.json#",
          "contentVersion": "1.0.0.0",
          "metadata": {
            "_generator": {
              "name": "bicep",
              "version": "0.18.4.5664",
              "templateHash": "3001068398413510809"
            }
          },
          "parameters": {
            "arguments": {
              "type": "string",
              "defaultValue": ""
            },
            "azCliVersion": {
              "type": "string",
              "defaultValue": "2.40.0"
            },
            "azureFunctionAPIKey": {
              "type": "securestring",
              "defaultValue": ""
            },
            "cleanupPreference": {
              "type": "string",
              "defaultValue": "Always",
              "allowedValues": [
                "Always",
                "OnExpiration",
                "OnSuccess"
              ]
            },
            "environmentVariables": {
              "type": "array",
              "defaultValue": []
            },
            "location": {
              "type": "string",
              "defaultValue": ""
            },
            "name": {
              "type": "string",
              "defaultValue": ""
            },
            "registryPassword": {
              "type": "securestring",
              "defaultValue": ""
            },
            "registryUsername": {
              "type": "securestring",
              "defaultValue": ""
            },
            "retentionInterval": {
              "type": "string",
              "defaultValue": "P1D"
            },
            "scriptContent": {
              "type": "string",
              "defaultValue": ""
            },
            "servicePrincipalId": {
              "type": "securestring",
              "defaultValue": ""
            },
            "servicePrincipalSecret": {
              "type": "securestring",
              "defaultValue": ""
            },
            "tenantId": {
              "type": "securestring",
              "defaultValue": ""
            },
            "userAssignedIdentityId": {
              "type": "string",
              "defaultValue": ""
            },
            "tagsByResource": {
              "type": "object",
              "defaultValue": {}
            }
          },
          "variables": {
            "registrySecureValues": "[if(and(not(empty(parameters('registryPassword'))), not(empty(parameters('registryUsername')))), createArray(createObject('name', 'REGISTRY_PASSWORD', 'secureValue', parameters('registryPassword')), createObject('name', 'REGISTRY_USERNAME', 'secureValue', parameters('registryUsername'))), createArray())]",
            "azureFunctionAPIKeySecureValues": "[if(not(empty(parameters('azureFunctionAPIKey'))), createArray(createObject('name', 'AZURE_FUNCTION_API_KEY', 'secureValue', parameters('azureFunctionAPIKey'))), createArray())]",
            "servicePrincipalSecureValues": "[if(and(and(not(empty(parameters('servicePrincipalId'))), not(empty(parameters('servicePrincipalSecret')))), not(empty(parameters('tenantId')))), createArray(createObject('name', 'SERVICE_PRINCIPAL_ID', 'secureValue', parameters('servicePrincipalId')), createObject('name', 'SERVICE_PRINCIPAL_SECRET', 'secureValue', parameters('servicePrincipalSecret')), createObject('name', 'TENANT_ID', 'secureValue', parameters('tenantId'))), createArray())]",
            "combinedEnvironmentVariablesAndSecureValues": "[union(parameters('environmentVariables'), variables('registrySecureValues'), variables('azureFunctionAPIKeySecureValues'), variables('servicePrincipalSecureValues'))]"
          },
          "resources": [
            {
              "type": "Microsoft.Resources/deploymentScripts",
              "apiVersion": "2020-10-01",
              "name": "[parameters('name')]",
              "location": "[parameters('location')]",
              "kind": "AzureCLI",
              "tags": "[if(contains(parameters('tagsByResource'), 'Microsoft.Resources/deploymentScripts'), parameters('tagsByResource')['Microsoft.Resources/deploymentScripts'], createObject())]",
              "identity": {
                "type": "UserAssigned",
                "userAssignedIdentities": {
                  "[format('{0}', parameters('userAssignedIdentityId'))]": {}
                }
              },
              "properties": {
                "azCliVersion": "[parameters('azCliVersion')]",
                "cleanupPreference": "[parameters('cleanupPreference')]",
                "retentionInterval": "[parameters('retentionInterval')]",
                "scriptContent": "[parameters('scriptContent')]",
                "arguments": "[parameters('arguments')]",
                "environmentVariables": "[variables('combinedEnvironmentVariablesAndSecureValues')]"
              }
            }
          ],
          "outputs": {
            "data": {
              "type": "object",
              "value": "[if(contains(reference(resourceId('Microsoft.Resources/deploymentScripts', parameters('name')), '2020-10-01'), 'outputs'), reference(resourceId('Microsoft.Resources/deploymentScripts', parameters('name')), '2020-10-01').outputs, createObject())]"
            }
          }
        }
      },
      "dependsOn": [
        "[resourceId('Microsoft.Resources/deployments', 'catalogDeploymentScript')]",
        "[resourceId('Microsoft.Resources/deployments', 'olmDeploymentScript')]",
        "[resourceId('Microsoft.Resources/deployments', 'operatorsDeploymentScript')]"
      ]
    },
    {
      "type": "Microsoft.Resources/deployments",
      "apiVersion": "2022-09-01",
      "name": "prepareAapDeploymentScript",
      "properties": {
        "expressionEvaluationOptions": {
          "scope": "inner"
        },
        "mode": "Incremental",
        "parameters": {
          "name": {
            "value": "[format('ds-prepare-aap-{0}', parameters('location'))]"
          },
          "location": {
            "value": "[parameters('location')]"
          },
          "scriptContent": {
            "value": "[variables('$fxv#4')]"
          },
          "userAssignedIdentityId": {
            "value": "[parameters('userAssignedIdentityId')]"
          },
          "tagsByResource": {
            "value": "[parameters('tagsByResource')]"
          },
          "environmentVariables": {
            "value": [
              {
                "name": "AKS_NAME",
                "value": "[parameters('aksName')]"
              },
              {
                "name": "RESOURCE_GROUP",
                "value": "[resourceGroup().name]"
              },
              {
                "name": "PUBLIC_DNS_ZONE_NAME",
                "value": "[parameters('publicDnsZoneName')]"
              },
              {
                "name": "VAULT_NAME",
                "value": "[parameters('keyVaultName')]"
              }
            ]
          }
        },
        "template": {
          "$schema": "https://schema.management.azure.com/schemas/2019-04-01/deploymentTemplate.json#",
          "contentVersion": "1.0.0.0",
          "metadata": {
            "_generator": {
              "name": "bicep",
              "version": "0.18.4.5664",
              "templateHash": "3001068398413510809"
            }
          },
          "parameters": {
            "arguments": {
              "type": "string",
              "defaultValue": ""
            },
            "azCliVersion": {
              "type": "string",
              "defaultValue": "2.40.0"
            },
            "azureFunctionAPIKey": {
              "type": "securestring",
              "defaultValue": ""
            },
            "cleanupPreference": {
              "type": "string",
              "defaultValue": "Always",
              "allowedValues": [
                "Always",
                "OnExpiration",
                "OnSuccess"
              ]
            },
            "environmentVariables": {
              "type": "array",
              "defaultValue": []
            },
            "location": {
              "type": "string",
              "defaultValue": ""
            },
            "name": {
              "type": "string",
              "defaultValue": ""
            },
            "registryPassword": {
              "type": "securestring",
              "defaultValue": ""
            },
            "registryUsername": {
              "type": "securestring",
              "defaultValue": ""
            },
            "retentionInterval": {
              "type": "string",
              "defaultValue": "P1D"
            },
            "scriptContent": {
              "type": "string",
              "defaultValue": ""
            },
            "servicePrincipalId": {
              "type": "securestring",
              "defaultValue": ""
            },
            "servicePrincipalSecret": {
              "type": "securestring",
              "defaultValue": ""
            },
            "tenantId": {
              "type": "securestring",
              "defaultValue": ""
            },
            "userAssignedIdentityId": {
              "type": "string",
              "defaultValue": ""
            },
            "tagsByResource": {
              "type": "object",
              "defaultValue": {}
            }
          },
          "variables": {
            "registrySecureValues": "[if(and(not(empty(parameters('registryPassword'))), not(empty(parameters('registryUsername')))), createArray(createObject('name', 'REGISTRY_PASSWORD', 'secureValue', parameters('registryPassword')), createObject('name', 'REGISTRY_USERNAME', 'secureValue', parameters('registryUsername'))), createArray())]",
            "azureFunctionAPIKeySecureValues": "[if(not(empty(parameters('azureFunctionAPIKey'))), createArray(createObject('name', 'AZURE_FUNCTION_API_KEY', 'secureValue', parameters('azureFunctionAPIKey'))), createArray())]",
            "servicePrincipalSecureValues": "[if(and(and(not(empty(parameters('servicePrincipalId'))), not(empty(parameters('servicePrincipalSecret')))), not(empty(parameters('tenantId')))), createArray(createObject('name', 'SERVICE_PRINCIPAL_ID', 'secureValue', parameters('servicePrincipalId')), createObject('name', 'SERVICE_PRINCIPAL_SECRET', 'secureValue', parameters('servicePrincipalSecret')), createObject('name', 'TENANT_ID', 'secureValue', parameters('tenantId'))), createArray())]",
            "combinedEnvironmentVariablesAndSecureValues": "[union(parameters('environmentVariables'), variables('registrySecureValues'), variables('azureFunctionAPIKeySecureValues'), variables('servicePrincipalSecureValues'))]"
          },
          "resources": [
            {
              "type": "Microsoft.Resources/deploymentScripts",
              "apiVersion": "2020-10-01",
              "name": "[parameters('name')]",
              "location": "[parameters('location')]",
              "kind": "AzureCLI",
              "tags": "[if(contains(parameters('tagsByResource'), 'Microsoft.Resources/deploymentScripts'), parameters('tagsByResource')['Microsoft.Resources/deploymentScripts'], createObject())]",
              "identity": {
                "type": "UserAssigned",
                "userAssignedIdentities": {
                  "[format('{0}', parameters('userAssignedIdentityId'))]": {}
                }
              },
              "properties": {
                "azCliVersion": "[parameters('azCliVersion')]",
                "cleanupPreference": "[parameters('cleanupPreference')]",
                "retentionInterval": "[parameters('retentionInterval')]",
                "scriptContent": "[parameters('scriptContent')]",
                "arguments": "[parameters('arguments')]",
                "environmentVariables": "[variables('combinedEnvironmentVariablesAndSecureValues')]"
              }
            }
          ],
          "outputs": {
            "data": {
              "type": "object",
              "value": "[if(contains(reference(resourceId('Microsoft.Resources/deploymentScripts', parameters('name')), '2020-10-01'), 'outputs'), reference(resourceId('Microsoft.Resources/deploymentScripts', parameters('name')), '2020-10-01').outputs, createObject())]"
            }
          }
        }
      },
      "dependsOn": [
        "[resourceId('Microsoft.Resources/deployments', 'catalogDeploymentScript')]",
        "[resourceId('Microsoft.Resources/deployments', 'certManagerDeploymentScript')]",
        "[resourceId('Microsoft.Resources/deployments', 'olmDeploymentScript')]",
        "[resourceId('Microsoft.Resources/deployments', 'operatorsDeploymentScript')]"
      ]
    },
    {
      "type": "Microsoft.Resources/deployments",
      "apiVersion": "2022-09-01",
      "name": "operatorsDeploymentScript",
      "properties": {
        "expressionEvaluationOptions": {
          "scope": "inner"
        },
        "mode": "Incremental",
        "parameters": {
          "name": {
            "value": "[format('ds-prepare-operators-{0}', parameters('location'))]"
          },
          "location": {
            "value": "[parameters('location')]"
          },
          "tagsByResource": {
            "value": "[parameters('tagsByResource')]"
          },
          "environmentVariables": {
            "value": [
              {
                "name": "AKS_NAME",
                "value": "[parameters('aksName')]"
              },
              {
                "name": "RESOURCE_GROUP",
                "value": "[resourceGroup().name]"
              },
              {
                "name": "ACCESS",
                "value": "[parameters('access')]"
              },
              {
                "name": "OPERATORS_CHANNEL",
                "value": "[parameters('operatorsChannel')]"
              }
            ]
          },
          "scriptContent": {
            "value": "[variables('$fxv#5')]"
          },
          "userAssignedIdentityId": {
            "value": "[parameters('userAssignedIdentityId')]"
          }
        },
        "template": {
          "$schema": "https://schema.management.azure.com/schemas/2019-04-01/deploymentTemplate.json#",
          "contentVersion": "1.0.0.0",
          "metadata": {
            "_generator": {
              "name": "bicep",
              "version": "0.18.4.5664",
              "templateHash": "3001068398413510809"
            }
          },
          "parameters": {
            "arguments": {
              "type": "string",
              "defaultValue": ""
            },
            "azCliVersion": {
              "type": "string",
              "defaultValue": "2.40.0"
            },
            "azureFunctionAPIKey": {
              "type": "securestring",
              "defaultValue": ""
            },
            "cleanupPreference": {
              "type": "string",
              "defaultValue": "Always",
              "allowedValues": [
                "Always",
                "OnExpiration",
                "OnSuccess"
              ]
            },
            "environmentVariables": {
              "type": "array",
              "defaultValue": []
            },
            "location": {
              "type": "string",
              "defaultValue": ""
            },
            "name": {
              "type": "string",
              "defaultValue": ""
            },
            "registryPassword": {
              "type": "securestring",
              "defaultValue": ""
            },
            "registryUsername": {
              "type": "securestring",
              "defaultValue": ""
            },
            "retentionInterval": {
              "type": "string",
              "defaultValue": "P1D"
            },
            "scriptContent": {
              "type": "string",
              "defaultValue": ""
            },
            "servicePrincipalId": {
              "type": "securestring",
              "defaultValue": ""
            },
            "servicePrincipalSecret": {
              "type": "securestring",
              "defaultValue": ""
            },
            "tenantId": {
              "type": "securestring",
              "defaultValue": ""
            },
            "userAssignedIdentityId": {
              "type": "string",
              "defaultValue": ""
            },
            "tagsByResource": {
              "type": "object",
              "defaultValue": {}
            }
          },
          "variables": {
            "registrySecureValues": "[if(and(not(empty(parameters('registryPassword'))), not(empty(parameters('registryUsername')))), createArray(createObject('name', 'REGISTRY_PASSWORD', 'secureValue', parameters('registryPassword')), createObject('name', 'REGISTRY_USERNAME', 'secureValue', parameters('registryUsername'))), createArray())]",
            "azureFunctionAPIKeySecureValues": "[if(not(empty(parameters('azureFunctionAPIKey'))), createArray(createObject('name', 'AZURE_FUNCTION_API_KEY', 'secureValue', parameters('azureFunctionAPIKey'))), createArray())]",
            "servicePrincipalSecureValues": "[if(and(and(not(empty(parameters('servicePrincipalId'))), not(empty(parameters('servicePrincipalSecret')))), not(empty(parameters('tenantId')))), createArray(createObject('name', 'SERVICE_PRINCIPAL_ID', 'secureValue', parameters('servicePrincipalId')), createObject('name', 'SERVICE_PRINCIPAL_SECRET', 'secureValue', parameters('servicePrincipalSecret')), createObject('name', 'TENANT_ID', 'secureValue', parameters('tenantId'))), createArray())]",
            "combinedEnvironmentVariablesAndSecureValues": "[union(parameters('environmentVariables'), variables('registrySecureValues'), variables('azureFunctionAPIKeySecureValues'), variables('servicePrincipalSecureValues'))]"
          },
          "resources": [
            {
              "type": "Microsoft.Resources/deploymentScripts",
              "apiVersion": "2020-10-01",
              "name": "[parameters('name')]",
              "location": "[parameters('location')]",
              "kind": "AzureCLI",
              "tags": "[if(contains(parameters('tagsByResource'), 'Microsoft.Resources/deploymentScripts'), parameters('tagsByResource')['Microsoft.Resources/deploymentScripts'], createObject())]",
              "identity": {
                "type": "UserAssigned",
                "userAssignedIdentities": {
                  "[format('{0}', parameters('userAssignedIdentityId'))]": {}
                }
              },
              "properties": {
                "azCliVersion": "[parameters('azCliVersion')]",
                "cleanupPreference": "[parameters('cleanupPreference')]",
                "retentionInterval": "[parameters('retentionInterval')]",
                "scriptContent": "[parameters('scriptContent')]",
                "arguments": "[parameters('arguments')]",
                "environmentVariables": "[variables('combinedEnvironmentVariablesAndSecureValues')]"
              }
            }
          ],
          "outputs": {
            "data": {
              "type": "object",
              "value": "[if(contains(reference(resourceId('Microsoft.Resources/deploymentScripts', parameters('name')), '2020-10-01'), 'outputs'), reference(resourceId('Microsoft.Resources/deploymentScripts', parameters('name')), '2020-10-01').outputs, createObject())]"
            }
          }
        }
      },
      "dependsOn": [
        "[resourceId('Microsoft.Resources/deployments', 'catalogDeploymentScript')]",
        "[resourceId('Microsoft.Resources/deployments', 'olmDeploymentScript')]"
      ]
    }
  ]
}