{
  "$schema": "https://schema.management.azure.com/schemas/2019-04-01/deploymentTemplate.json#",
  "contentVersion": "1.0.0.0",
  "metadata": {
    "_generator": {
      "name": "bicep",
      "version": "0.18.4.5664",
      "templateHash": "13853329794218320447"
    }
  },
  "parameters": {
    "name": {
      "type": "string",
      "defaultValue": ""
    },
    "virtualNetworkId": {
      "type": "string",
      "defaultValue": ""
    },
    "location": {
      "type": "string",
      "defaultValue": ""
    },
    "tagsByResource": {
      "type": "object",
      "defaultValue": {}
    }
  },
  "variables": {
    "privateDnsZones": [
      "[format('{0}.privatelink.postgres.database.azure.com', parameters('name'))]",
      "[format('privatelink.{0}.azmk8s.io', parameters('location'))]",
      "[format('privatelink.blob.{0}', environment().suffixes.storage)]"
    ]
  },
  "resources": [
    {
      "copy": {
        "name": "privateDnsZone",
        "count": "[length(variables('privateDnsZones'))]"
      },
      "type": "Microsoft.Resources/deployments",
      "apiVersion": "2022-09-01",
      "name": "[format('privateDnsZoneDeploy{0}', copyIndex())]",
      "properties": {
        "expressionEvaluationOptions": {
          "scope": "inner"
        },
        "mode": "Incremental",
        "parameters": {
          "name": {
            "value": "[variables('privateDnsZones')[copyIndex()]]"
          },
          "tagsByResource": {
            "value": "[parameters('tagsByResource')]"
          }
        },
        "template": {
          "$schema": "https://schema.management.azure.com/schemas/2019-04-01/deploymentTemplate.json#",
          "contentVersion": "1.0.0.0",
          "metadata": {
            "_generator": {
              "name": "bicep",
              "version": "0.18.4.5664",
              "templateHash": "1951089919370634012"
            }
          },
          "parameters": {
            "name": {
              "type": "string",
              "defaultValue": ""
            },
            "tagsByResource": {
              "type": "object",
              "defaultValue": {}
            }
          },
          "variables": {
            "location": "global"
          },
          "resources": [
            {
              "type": "Microsoft.Network/privateDnsZones",
              "apiVersion": "2020-06-01",
              "name": "[parameters('name')]",
              "location": "[variables('location')]",
              "tags": "[if(contains(parameters('tagsByResource'), 'Microsoft.Network/privateDnsZones'), parameters('tagsByResource')['Microsoft.Network/privateDnsZones'], createObject())]"
            }
          ],
          "outputs": {
            "id": {
              "type": "string",
              "value": "[resourceId('Microsoft.Network/privateDnsZones', parameters('name'))]"
            },
            "name": {
              "type": "string",
              "value": "[parameters('name')]"
            }
          }
        }
      }
    },
    {
      "copy": {
        "name": "virtualNetworkLink",
        "count": "[length(variables('privateDnsZones'))]"
      },
      "type": "Microsoft.Resources/deployments",
      "apiVersion": "2022-09-01",
      "name": "[format('virtualNetworkLinkDeploy{0}', copyIndex())]",
      "properties": {
        "expressionEvaluationOptions": {
          "scope": "inner"
        },
        "mode": "Incremental",
        "parameters": {
          "name": {
            "value": "[format('{0}/{1}-link', variables('privateDnsZones')[copyIndex()], variables('privateDnsZones')[copyIndex()])]"
          },
          "virtualNetworkId": {
            "value": "[parameters('virtualNetworkId')]"
          },
          "tagsByResource": {
            "value": "[parameters('tagsByResource')]"
          }
        },
        "template": {
          "$schema": "https://schema.management.azure.com/schemas/2019-04-01/deploymentTemplate.json#",
          "contentVersion": "1.0.0.0",
          "metadata": {
            "_generator": {
              "name": "bicep",
              "version": "0.18.4.5664",
              "templateHash": "13056300209937502506"
            }
          },
          "parameters": {
            "name": {
              "type": "string",
              "defaultValue": ""
            },
            "virtualNetworkId": {
              "type": "string",
              "defaultValue": ""
            },
            "tagsByResource": {
              "type": "object",
              "defaultValue": {}
            },
            "registrationEnabled": {
              "type": "bool",
              "defaultValue": false
            }
          },
          "variables": {
            "location": "global"
          },
          "resources": [
            {
              "type": "Microsoft.Network/privateDnsZones/virtualNetworkLinks",
              "apiVersion": "2020-06-01",
              "name": "[parameters('name')]",
              "location": "[variables('location')]",
              "tags": "[if(contains(parameters('tagsByResource'), 'Microsoft.Network/privateDnsZones/virtualNetworkLinks'), parameters('tagsByResource')['Microsoft.Network/privateDnsZones/virtualNetworkLinks'], createObject())]",
              "properties": {
                "registrationEnabled": "[parameters('registrationEnabled')]",
                "virtualNetwork": {
                  "id": "[parameters('virtualNetworkId')]"
                }
              }
            }
          ]
        }
      },
      "dependsOn": [
        "privateDnsZone"
      ]
    }
  ],
  "outputs": {
    "psqlDnsZoneId": {
      "type": "string",
      "value": "[reference(resourceId('Microsoft.Resources/deployments', format('privateDnsZoneDeploy{0}', 0)), '2022-09-01').outputs.id.value]"
    },
    "aksDnsZoneId": {
      "type": "string",
      "value": "[reference(resourceId('Microsoft.Resources/deployments', format('privateDnsZoneDeploy{0}', 1)), '2022-09-01').outputs.id.value]"
    },
    "blobDnsZoneId": {
      "type": "string",
      "value": "[reference(resourceId('Microsoft.Resources/deployments', format('privateDnsZoneDeploy{0}', 2)), '2022-09-01').outputs.id.value]"
    },
    "blobDnsZoneName": {
      "type": "string",
      "value": "[reference(resourceId('Microsoft.Resources/deployments', format('privateDnsZoneDeploy{0}', 2)), '2022-09-01').outputs.name.value]"
    }
  }
}