{
  "name": {
    "value": "[parameters('aapName')]"
  },
  "location": {
    "value": "[parameters('location')]"
  },
  "privateEndpointDnsZoneId": {
    "value": "[reference(resourceId('Microsoft.Resources/deployments', 'Private__DNS'), '2022-09-01').outputs.blobDnsZoneId.value]"
  },
  "privateEndpointSubnetId": {
    "value": "[reference(resourceId('Microsoft.Resources/deployments', 'VNET__and__Subnets'), '2022-09-01').outputs.plinkSubnetId.value]"
  },
  "disasterRecovery": {
    "value": "[parameters('disasterRecovery')]"
  },
  "tagsByResource": {
    "value": "[parameters('tagsByResource')]"
  }
}