{
  "$schema": "https://schema.management.azure.com/schemas/2019-04-01/deploymentTemplate.json#",
  "contentVersion": "1.0.0.0",
  "metadata": {
    "_generator": {
      "name": "bicep",
      "version": "0.18.4.5664",
      "templateHash": "1663244979995528382"
    }
  },
  "parameters": {
    "name": {
      "type": "string",
      "defaultValue": ""
    },
    "location": {
      "type": "string",
      "defaultValue": ""
    },
    "privateEndpointSubnetId": {
      "type": "string",
      "defaultValue": ""
    },
    "privateEndpointDnsZoneId": {
      "type": "string",
      "defaultValue": ""
    },
    "disasterRecovery": {
      "type": "bool",
      "defaultValue": false
    },
    "tagsByResource": {
      "type": "object",
      "defaultValue": {}
    }
  },
  "variables": {
    "storageAccountName": "[take(format('st{0}{1}', parameters('name'), parameters('location')), 24)]"
  },
  "resources": [
    {
      "type": "Microsoft.Resources/deployments",
      "apiVersion": "2022-09-01",
      "name": "storageAccountDeploy",
      "properties": {
        "expressionEvaluationOptions": {
          "scope": "inner"
        },
        "mode": "Incremental",
        "parameters": {
          "name": {
            "value": "[variables('storageAccountName')]"
          },
          "location": {
            "value": "[parameters('location')]"
          },
          "disasterRecovery": {
            "value": "[parameters('disasterRecovery')]"
          },
          "tagsByResource": {
            "value": "[parameters('tagsByResource')]"
          }
        },
        "template": {
          "$schema": "https://schema.management.azure.com/schemas/2019-04-01/deploymentTemplate.json#",
          "contentVersion": "1.0.0.0",
          "metadata": {
            "_generator": {
              "name": "bicep",
              "version": "0.18.4.5664",
              "templateHash": "6099597662402230595"
            }
          },
          "parameters": {
            "name": {
              "type": "string",
              "defaultValue": ""
            },
            "location": {
              "type": "string",
              "defaultValue": ""
            },
            "disasterRecovery": {
              "type": "bool",
              "defaultValue": false
            },
            "tagsByResource": {
              "type": "object",
              "defaultValue": {}
            },
            "kind": {
              "type": "string",
              "defaultValue": "StorageV2",
              "allowedValues": [
                "BlobStorage",
                "BlockBlobStorage",
                "FileStorage",
                "Storage",
                "StorageV2"
              ]
            }
          },
          "variables": {
            "storageSku": "[if(parameters('disasterRecovery'), 'Standard_GRS', 'Standard_LRS')]"
          },
          "resources": [
            {
              "type": "Microsoft.Storage/storageAccounts",
              "apiVersion": "2022-09-01",
              "name": "[parameters('name')]",
              "location": "[parameters('location')]",
              "tags": "[if(contains(parameters('tagsByResource'), 'Microsoft.Storage/storageAccounts'), parameters('tagsByResource')['Microsoft.Storage/storageAccounts'], createObject())]",
              "sku": {
                "name": "[variables('storageSku')]"
              },
              "kind": "[parameters('kind')]",
              "properties": {
                "allowBlobPublicAccess": false,
                "publicNetworkAccess": "Disabled",
                "minimumTlsVersion": "TLS1_2",
                "networkAcls": {
                  "defaultAction": "Deny"
                }
              }
            },
            {
              "type": "Microsoft.Storage/storageAccounts/blobServices",
              "apiVersion": "2021-08-01",
              "name": "[format('{0}/{1}', parameters('name'), 'default')]",
              "properties": {
                "deleteRetentionPolicy": {
                  "enabled": true,
                  "days": 4
                },
                "isVersioningEnabled": true,
                "changeFeed": {
                  "enabled": true,
                  "retentionInDays": 4
                },
                "restorePolicy": {
                  "enabled": true,
                  "days": 3
                },
                "containerDeleteRetentionPolicy": {
                  "enabled": true,
                  "days": 4
                }
              },
              "dependsOn": [
                "[resourceId('Microsoft.Storage/storageAccounts', parameters('name'))]"
              ]
            }
          ],
          "outputs": {
            "name": {
              "type": "string",
              "value": "[parameters('name')]"
            },
            "id": {
              "type": "string",
              "value": "[resourceId('Microsoft.Storage/storageAccounts', parameters('name'))]"
            }
          }
        }
      }
    },
    {
      "type": "Microsoft.Resources/deployments",
      "apiVersion": "2022-09-01",
      "name": "pulpContainerDeploy",
      "properties": {
        "expressionEvaluationOptions": {
          "scope": "inner"
        },
        "mode": "Incremental",
        "parameters": {
          "name": {
            "value": "pulp"
          },
          "parent": {
            "value": "[reference(resourceId('Microsoft.Resources/deployments', 'storageAccountDeploy'), '2022-09-01').outputs.name.value]"
          }
        },
        "template": {
          "$schema": "https://schema.management.azure.com/schemas/2019-04-01/deploymentTemplate.json#",
          "contentVersion": "1.0.0.0",
          "metadata": {
            "_generator": {
              "name": "bicep",
              "version": "0.18.4.5664",
              "templateHash": "2017874586953773719"
            }
          },
          "parameters": {
            "name": {
              "type": "string",
              "defaultValue": ""
            },
            "parent": {
              "type": "string",
              "defaultValue": ""
            }
          },
          "variables": {
            "containerName": "[format('{0}/default/{1}', parameters('parent'), parameters('name'))]"
          },
          "resources": [
            {
              "type": "Microsoft.Storage/storageAccounts/blobServices/containers",
              "apiVersion": "2022-05-01",
              "name": "[variables('containerName')]"
            }
          ]
        }
      },
      "dependsOn": [
        "[resourceId('Microsoft.Resources/deployments', 'storageAccountDeploy')]"
      ]
    },
    {
      "type": "Microsoft.Resources/deployments",
      "apiVersion": "2022-09-01",
      "name": "backupContainerDeploy",
      "properties": {
        "expressionEvaluationOptions": {
          "scope": "inner"
        },
        "mode": "Incremental",
        "parameters": {
          "name": {
            "value": "backup"
          },
          "parent": {
            "value": "[reference(resourceId('Microsoft.Resources/deployments', 'storageAccountDeploy'), '2022-09-01').outputs.name.value]"
          }
        },
        "template": {
          "$schema": "https://schema.management.azure.com/schemas/2019-04-01/deploymentTemplate.json#",
          "contentVersion": "1.0.0.0",
          "metadata": {
            "_generator": {
              "name": "bicep",
              "version": "0.18.4.5664",
              "templateHash": "2017874586953773719"
            }
          },
          "parameters": {
            "name": {
              "type": "string",
              "defaultValue": ""
            },
            "parent": {
              "type": "string",
              "defaultValue": ""
            }
          },
          "variables": {
            "containerName": "[format('{0}/default/{1}', parameters('parent'), parameters('name'))]"
          },
          "resources": [
            {
              "type": "Microsoft.Storage/storageAccounts/blobServices/containers",
              "apiVersion": "2022-05-01",
              "name": "[variables('containerName')]"
            }
          ]
        }
      },
      "dependsOn": [
        "[resourceId('Microsoft.Resources/deployments', 'storageAccountDeploy')]"
      ]
    },
    {
      "type": "Microsoft.Resources/deployments",
      "apiVersion": "2022-09-01",
      "name": "privateEndpointDeploy",
      "properties": {
        "expressionEvaluationOptions": {
          "scope": "inner"
        },
        "mode": "Incremental",
        "parameters": {
          "name": {
            "value": "[variables('storageAccountName')]"
          },
          "location": {
            "value": "[parameters('location')]"
          },
          "subnetId": {
            "value": "[parameters('privateEndpointSubnetId')]"
          },
          "tagsByResource": {
            "value": "[parameters('tagsByResource')]"
          },
          "serviceConnections": {
            "value": [
              {
                "name": "[parameters('name')]",
                "groupIds": [
                  "blob"
                ],
                "privateLinkServiceId": "[reference(resourceId('Microsoft.Resources/deployments', 'storageAccountDeploy'), '2022-09-01').outputs.id.value]"
              }
            ]
          }
        },
        "template": {
          "$schema": "https://schema.management.azure.com/schemas/2019-04-01/deploymentTemplate.json#",
          "contentVersion": "1.0.0.0",
          "metadata": {
            "_generator": {
              "name": "bicep",
              "version": "0.18.4.5664",
              "templateHash": "15631457315272393126"
            }
          },
          "parameters": {
            "name": {
              "type": "string",
              "defaultValue": ""
            },
            "location": {
              "type": "string",
              "defaultValue": ""
            },
            "subnetId": {
              "type": "string",
              "defaultValue": ""
            },
            "serviceConnections": {
              "type": "array",
              "defaultValue": []
            },
            "tagsByResource": {
              "type": "object",
              "defaultValue": {}
            }
          },
          "resources": [
            {
              "type": "Microsoft.Network/privateEndpoints",
              "apiVersion": "2022-05-01",
              "name": "[parameters('name')]",
              "location": "[parameters('location')]",
              "tags": "[if(contains(parameters('tagsByResource'), 'Microsoft.Network/privateEndpoints'), parameters('tagsByResource')['Microsoft.Network/privateEndpoints'], createObject())]",
              "properties": {
                "copy": [
                  {
                    "name": "privateLinkServiceConnections",
                    "count": "[length(parameters('serviceConnections'))]",
                    "input": {
                      "name": "[parameters('serviceConnections')[copyIndex('privateLinkServiceConnections')].name]",
                      "properties": {
                        "groupIds": "[parameters('serviceConnections')[copyIndex('privateLinkServiceConnections')].groupIds]",
                        "privateLinkServiceId": "[parameters('serviceConnections')[copyIndex('privateLinkServiceConnections')].privateLinkServiceId]"
                      }
                    }
                  }
                ],
                "subnet": {
                  "id": "[parameters('subnetId')]"
                }
              }
            }
          ],
          "outputs": {
            "id": {
              "type": "string",
              "value": "[resourceId('Microsoft.Network/privateEndpoints', parameters('name'))]"
            },
            "name": {
              "type": "string",
              "value": "[parameters('name')]"
            }
          }
        }
      },
      "dependsOn": [
        "[resourceId('Microsoft.Resources/deployments', 'storageAccountDeploy')]"
      ]
    },
    {
      "type": "Microsoft.Resources/deployments",
      "apiVersion": "2022-09-01",
      "name": "privateDnsZoneGroupDeploy",
      "properties": {
        "expressionEvaluationOptions": {
          "scope": "inner"
        },
        "mode": "Incremental",
        "parameters": {
          "name": {
            "value": "[format('{0}/dnszonegroup', reference(resourceId('Microsoft.Resources/deployments', 'privateEndpointDeploy'), '2022-09-01').outputs.name.value)]"
          },
          "privateDnsZoneConfigs": {
            "value": [
              {
                "name": "blobdnszone",
                "privateLinkDnsZoneId": "[parameters('privateEndpointDnsZoneId')]"
              }
            ]
          }
        },
        "template": {
          "$schema": "https://schema.management.azure.com/schemas/2019-04-01/deploymentTemplate.json#",
          "contentVersion": "1.0.0.0",
          "metadata": {
            "_generator": {
              "name": "bicep",
              "version": "0.18.4.5664",
              "templateHash": "14081682826799155348"
            }
          },
          "parameters": {
            "name": {
              "type": "string",
              "defaultValue": ""
            },
            "privateDnsZoneConfigs": {
              "type": "array",
              "defaultValue": []
            }
          },
          "resources": [
            {
              "type": "Microsoft.Network/privateEndpoints/privateDnsZoneGroups",
              "apiVersion": "2021-05-01",
              "name": "[parameters('name')]",
              "properties": {
                "copy": [
                  {
                    "name": "privateDnsZoneConfigs",
                    "count": "[length(parameters('privateDnsZoneConfigs'))]",
                    "input": {
                      "name": "[parameters('privateDnsZoneConfigs')[copyIndex('privateDnsZoneConfigs')].name]",
                      "properties": {
                        "privateDnsZoneId": "[parameters('privateDnsZoneConfigs')[copyIndex('privateDnsZoneConfigs')].privateLinkDnsZoneId]"
                      }
                    }
                  }
                ]
              }
            }
          ],
          "outputs": {
            "id": {
              "type": "string",
              "value": "[resourceId('Microsoft.Network/privateEndpoints/privateDnsZoneGroups', split(parameters('name'), '/')[0], split(parameters('name'), '/')[1])]"
            }
          }
        }
      },
      "dependsOn": [
        "[resourceId('Microsoft.Resources/deployments', 'privateEndpointDeploy')]"
      ]
    }
  ],
  "outputs": {
    "name": {
      "type": "string",
      "value": "[reference(resourceId('Microsoft.Resources/deployments', 'storageAccountDeploy'), '2022-09-01').outputs.name.value]"
    }
  }
}