{
  "$schema": "https://schema.management.azure.com/schemas/2019-04-01/deploymentTemplate.json#",
  "contentVersion": "1.0.0.0",
  "metadata": {
    "_generator": {
      "name": "bicep",
      "version": "0.18.4.5664",
      "templateHash": "12761858804084822117"
    }
  },
  "parameters": {
    "location": {
      "type": "string",
      "defaultValue": ""
    },
    "userAssignedIdentityId": {
      "type": "string",
      "defaultValue": ""
    },
    "aksName": {
      "type": "string",
      "defaultValue": ""
    },
    "keyVaultName": {
      "type": "string",
      "defaultValue": ""
    },
    "databaseHostname": {
      "type": "string",
      "defaultValue": ""
    },
    "tagsByResource": {
      "type": "object",
      "defaultValue": {}
    }
  },
  "variables": {
    "$fxv#0": "#!/usr/bin/env bash\nset -e\n\nAKS_NAME=${AKS_NAME:-''}\nDATABASE_NAME=${DATABASE_NAME:-'awx'}\nDATABASE_HOST=${DATABASE_HOST:-''}\nBILLING_DATABASE_NAME=${BILLING_DATABASE_NAME:-'billing'}\nPROJECT_NAMESPACE=${PROJECT_NAMESPACE:-'ansible-automation-platform-billing'}\nOPERATORS_NAMESPACE=${OPERATORS_NAMESPACE:-'operators'}\nRESOURCE_GROUP=${RESOURCE_GROUP:-''}\nVAULT_NAME=${VAULT_NAME:-''}\nREDHAT_OPERATORS_SECRET=${REDHAT_OPERATORS_SECRET:-'redhat-operators-pull-secret'}\nCATALOG_NAMESPACE=${CATALOG_NAMESPACE:-'olm'}\nIDENTITY_RESOURCE=${IDENTITY_RESOURCE:-''}\nIDENTITY_CLIENT_ID=\"$(az identity show \\\n  --id \"${IDENTITY_RESOURCE}\" \\\n  --output tsv \\\n  --query clientId)\"\n\nif [[ -z \"${AKS_NAME}\" ]]; then\n    echo \"$0: Environment variable AKS_NAME must be specified\"\n    exit 1\nfi\n\nif [[ -z \"${DATABASE_HOST}\" ]]; then\n    echo \"$0: Environment variable DATABASE_HOST must be specified\"\n    exit 1\nfi\n\nif [[ -z \"${RESOURCE_GROUP}\" ]]; then\n    echo \"$0: Environment variable RESOURCE_GROUP must be specified\"\n    exit 1\nfi\n\nif [[ -z \"${VAULT_NAME}\" ]]; then\n    echo \"$0: Environment variable VAULT_NAME must be specified\"\n    exit 1\nfi\n\n\naz_aks_command() {\n  CMD=$1\n  CMDOPTS=$2\n  # shellcheck disable=SC2086\n  az aks command invoke --resource-group \"${RESOURCE_GROUP}\" --name \"${AKS_NAME}\" --command \"${CMD}\" ${CMDOPTS}\n}\n\nget_secret() {\n    az keyvault secret show \\\n      --name \"${1}\" \\\n      --output tsv \\\n      --query value \\\n      --vault-name \"${VAULT_NAME}\"\n}\n\nDATABASE_PASSWORD=$(get_secret psql-admin-pass)\nDATABASE_USERNAME=$(get_secret psql-admin-user)\nPLAN_CONFIG_URL=$(get_secret plan-config-url)\nPLAN_STORAGE_TOKEN=$(get_secret plan-storage-token)\n\nCMD=\"kubectl get secrets -n ${CATALOG_NAMESPACE} ${REDHAT_OPERATORS_SECRET} -o json\"\nCMDOPTS=\"--output=json\"\n# Remove namespace and metadata to allow for re-application\naz_aks_command \"${CMD}\" \"${CMDOPTS}\" | jq -r '.logs' | jq 'del(.metadata[\"namespace\",\"creationTimestamp\",\"resourceVersion\",\"selfLink\",\"uid\"])' > secrets.yaml\n\nCMD=\"kubectl apply -n ${PROJECT_NAMESPACE} -f secrets.yaml\"\nCMDOPTS=\"--file secrets.yaml\"\naz_aks_command \"${CMD}\" \"${CMDOPTS}\"\n\ncat << EOF > billing.yaml\n---\napiVersion: v1\nkind: Secret\nmetadata:\n  name: controller-postgres-configuration\n  namespace: ${PROJECT_NAMESPACE}\nstringData:\n  host: '${DATABASE_HOST}'\n  port: '5432'\n  database: '${DATABASE_NAME}'\n  username: '${DATABASE_USERNAME}'\n  password: '${DATABASE_PASSWORD}'\ntype: Opaque\n---\napiVersion: v1\nkind: Secret\nmetadata:\n  name: billing-postgres-configuration\n  namespace: ${PROJECT_NAMESPACE}\nstringData:\n  host: '${DATABASE_HOST}'\n  port: \"5432\"\n  database: '${BILLING_DATABASE_NAME}'\n  username: '${DATABASE_USERNAME}'\n  password: '${DATABASE_PASSWORD}'\ntype: Opaque\n---\napiVersion: v1\nkind: Secret\nmetadata:\n  name: billing-plan-configuration\n  namespace: ${PROJECT_NAMESPACE}\nstringData:\n  planConfigUrl: '${PLAN_CONFIG_URL}'\n  planStorageToken: '${PLAN_STORAGE_TOKEN}'\ntype: Opaque\n---\napiVersion: platform.ansible.com/v1alpha1\nkind: AnsibleAutomationPlatformAzureBilling\nmetadata:\n  name: billing\n  namespace: ${PROJECT_NAMESPACE}\nspec:\n  automationcontroller_db_secret: controller-postgres-configuration\n  billing_db_secret: billing-postgres-configuration\n  billing_plan_config_secret: billing-plan-configuration\n  image_pull_secret: ${REDHAT_OPERATORS_SECRET}\nEOF\nCMD=\"kubectl apply -f billing.yaml\"\nCMDOPTS=\"--file billing.yaml\"\naz_aks_command \"${CMD}\" \"${CMDOPTS}\"\n\n# Patch billing ServiceAccount with client id and workload identity label\ncat << EOF > workload_id.yaml\n---\nmetadata:\n  annotations:\n    azure.workload.identity/client-id: ${IDENTITY_CLIENT_ID}\n  labels:\n    azure.workload.identity/use: \"true\"\nEOF\nCMD=\"kubectl patch sa default -n ${PROJECT_NAMESPACE} --type strategic --patch-file workload_id.yaml\"\nCMDOPTS=\"--file workload_id.yaml\"\naz_aks_command \"${CMD}\" \"${CMDOPTS}\"\n"
  },
  "resources": [
    {
      "type": "Microsoft.Resources/deployments",
      "apiVersion": "2022-09-01",
      "name": "billingDeploymentScript",
      "properties": {
        "expressionEvaluationOptions": {
          "scope": "inner"
        },
        "mode": "Incremental",
        "parameters": {
          "name": {
            "value": "[format('ds-prepare-billing-{0}', parameters('location'))]"
          },
          "location": {
            "value": "[parameters('location')]"
          },
          "scriptContent": {
            "value": "[variables('$fxv#0')]"
          },
          "userAssignedIdentityId": {
            "value": "[parameters('userAssignedIdentityId')]"
          },
          "tagsByResource": {
            "value": "[parameters('tagsByResource')]"
          },
          "environmentVariables": {
            "value": [
              {
                "name": "AKS_NAME",
                "value": "[parameters('aksName')]"
              },
              {
                "name": "RESOURCE_GROUP",
                "value": "[resourceGroup().name]"
              },
              {
                "name": "VAULT_NAME",
                "value": "[parameters('keyVaultName')]"
              },
              {
                "name": "DATABASE_HOST",
                "value": "[format('{0}.postgres.database.azure.com', parameters('databaseHostname'))]"
              },
              {
                "name": "IDENTITY_RESOURCE",
                "value": "[parameters('userAssignedIdentityId')]"
              }
            ]
          }
        },
        "template": {
          "$schema": "https://schema.management.azure.com/schemas/2019-04-01/deploymentTemplate.json#",
          "contentVersion": "1.0.0.0",
          "metadata": {
            "_generator": {
              "name": "bicep",
              "version": "0.18.4.5664",
              "templateHash": "3001068398413510809"
            }
          },
          "parameters": {
            "arguments": {
              "type": "string",
              "defaultValue": ""
            },
            "azCliVersion": {
              "type": "string",
              "defaultValue": "2.40.0"
            },
            "azureFunctionAPIKey": {
              "type": "securestring",
              "defaultValue": ""
            },
            "cleanupPreference": {
              "type": "string",
              "defaultValue": "Always",
              "allowedValues": [
                "Always",
                "OnExpiration",
                "OnSuccess"
              ]
            },
            "environmentVariables": {
              "type": "array",
              "defaultValue": []
            },
            "location": {
              "type": "string",
              "defaultValue": ""
            },
            "name": {
              "type": "string",
              "defaultValue": ""
            },
            "registryPassword": {
              "type": "securestring",
              "defaultValue": ""
            },
            "registryUsername": {
              "type": "securestring",
              "defaultValue": ""
            },
            "retentionInterval": {
              "type": "string",
              "defaultValue": "P1D"
            },
            "scriptContent": {
              "type": "string",
              "defaultValue": ""
            },
            "servicePrincipalId": {
              "type": "securestring",
              "defaultValue": ""
            },
            "servicePrincipalSecret": {
              "type": "securestring",
              "defaultValue": ""
            },
            "tenantId": {
              "type": "securestring",
              "defaultValue": ""
            },
            "userAssignedIdentityId": {
              "type": "string",
              "defaultValue": ""
            },
            "tagsByResource": {
              "type": "object",
              "defaultValue": {}
            }
          },
          "variables": {
            "registrySecureValues": "[if(and(not(empty(parameters('registryPassword'))), not(empty(parameters('registryUsername')))), createArray(createObject('name', 'REGISTRY_PASSWORD', 'secureValue', parameters('registryPassword')), createObject('name', 'REGISTRY_USERNAME', 'secureValue', parameters('registryUsername'))), createArray())]",
            "azureFunctionAPIKeySecureValues": "[if(not(empty(parameters('azureFunctionAPIKey'))), createArray(createObject('name', 'AZURE_FUNCTION_API_KEY', 'secureValue', parameters('azureFunctionAPIKey'))), createArray())]",
            "servicePrincipalSecureValues": "[if(and(and(not(empty(parameters('servicePrincipalId'))), not(empty(parameters('servicePrincipalSecret')))), not(empty(parameters('tenantId')))), createArray(createObject('name', 'SERVICE_PRINCIPAL_ID', 'secureValue', parameters('servicePrincipalId')), createObject('name', 'SERVICE_PRINCIPAL_SECRET', 'secureValue', parameters('servicePrincipalSecret')), createObject('name', 'TENANT_ID', 'secureValue', parameters('tenantId'))), createArray())]",
            "combinedEnvironmentVariablesAndSecureValues": "[union(parameters('environmentVariables'), variables('registrySecureValues'), variables('azureFunctionAPIKeySecureValues'), variables('servicePrincipalSecureValues'))]"
          },
          "resources": [
            {
              "type": "Microsoft.Resources/deploymentScripts",
              "apiVersion": "2020-10-01",
              "name": "[parameters('name')]",
              "location": "[parameters('location')]",
              "kind": "AzureCLI",
              "tags": "[if(contains(parameters('tagsByResource'), 'Microsoft.Resources/deploymentScripts'), parameters('tagsByResource')['Microsoft.Resources/deploymentScripts'], createObject())]",
              "identity": {
                "type": "UserAssigned",
                "userAssignedIdentities": {
                  "[format('{0}', parameters('userAssignedIdentityId'))]": {}
                }
              },
              "properties": {
                "azCliVersion": "[parameters('azCliVersion')]",
                "cleanupPreference": "[parameters('cleanupPreference')]",
                "retentionInterval": "[parameters('retentionInterval')]",
                "scriptContent": "[parameters('scriptContent')]",
                "arguments": "[parameters('arguments')]",
                "environmentVariables": "[variables('combinedEnvironmentVariablesAndSecureValues')]"
              }
            }
          ],
          "outputs": {
            "data": {
              "type": "object",
              "value": "[if(contains(reference(resourceId('Microsoft.Resources/deploymentScripts', parameters('name')), '2020-10-01'), 'outputs'), reference(resourceId('Microsoft.Resources/deploymentScripts', parameters('name')), '2020-10-01').outputs, createObject())]"
            }
          }
        }
      }
    }
  ]
}