{
  "location": {
    "value": "[parameters('location')]"
  },
  "userAssignedIdentityId": {
    "value": "[parameters('userAssignedIdentityId')]"
  },
  "aksName": {
    "value": "[reference(resourceId('Microsoft.Resources/deployments', 'AKS__Cluster'), '2022-09-01').outputs.name.value]"
  },
  "keyVaultName": {
    "value": "[parameters('keyVaultName')]"
  },
  "databaseHostname": {
    "value": "[reference(resourceId('Microsoft.Resources/deployments', 'Database__Server__and__Databases'), '2022-09-01').outputs.name.value]"
  },
  "tagsByResource": {
    "value": "[parameters('tagsByResource')]"
  }
}