{
  "name": {
    "value": "[parameters('aapName')]"
  },
  "location": {
    "value": "[parameters('location')]"
  },
  "logAnalyticsWorkspaceResourceID": {
    "value": "[parameters('logWorkspaceId')]"
  },
  "privateDnsZoneId": {
    "value": "[reference(resourceId('Microsoft.Resources/deployments', 'Private__DNS'), '2022-09-01').outputs.aksDnsZoneId.value]"
  },
  "userAssignedIdentityId": {
    "value": "[parameters('userAssignedIdentityId')]"
  },
  "userAssignedIdentityPrincipalId": {
    "value": "[parameters('userAssignedIdentityPrincipalId')]"
  },
  "vnetSubnetID": {
    "value": "[reference(resourceId('Microsoft.Resources/deployments', 'VNET__and__Subnets'), '2022-09-01').outputs.aksSubnetId.value]"
  },
  "servicePrincipalId": {
    "reference": {
      "keyVault": {
        "id": "[extensionResourceId(format('/subscriptions/{0}/resourceGroups/{1}', subscription().subscriptionId, resourceGroup().name), 'Microsoft.KeyVault/vaults', parameters('keyVaultName'))]"
      },
      "secretName": "service-principal-client-id"
    }
  },
  "servicePrincipalSecret": {
    "reference": {
      "keyVault": {
        "id": "[extensionResourceId(format('/subscriptions/{0}/resourceGroups/{1}', subscription().subscriptionId, resourceGroup().name), 'Microsoft.KeyVault/vaults', parameters('keyVaultName'))]"
      },
      "secretName": "service-principal-secret"
    }
  },
  "tenantId": {
    "reference": {
      "keyVault": {
        "id": "[extensionResourceId(format('/subscriptions/{0}/resourceGroups/{1}', subscription().subscriptionId, resourceGroup().name), 'Microsoft.KeyVault/vaults', parameters('keyVaultName'))]"
      },
      "secretName": "tenant-id"
    }
  },
  "crossTenantRoleAssignment": {
    "value": "[parameters('crossTenantRoleAssignment')]"
  },
  "serviceCidr": {
    "value": "[parameters('serviceCidr')]"
  },
  "dnsServiceIP": {
    "value": "[parameters('dnsServiceIP')]"
  },
  "podCidr": {
    "value": "[parameters('podCidr')]"
  },
  "nodePool_vmSize": {
    "value": "[parameters('nodePool_vmSize')]"
  },
  "tagsByResource": {
    "value": "[parameters('tagsByResource')]"
  }
}