{
  "$schema": "https://schema.management.azure.com/schemas/2019-04-01/deploymentTemplate.json#",
  "contentVersion": "1.0.0.0",
  "metadata": {
    "_generator": {
      "name": "bicep",
      "version": "0.18.4.5664",
      "templateHash": "17961291441025636755"
    }
  },
  "parameters": {
    "crossTenantRoleAssignment": {
      "type": "bool",
      "defaultValue": false
    },
    "enablePrivateCluster": {
      "type": "bool",
      "defaultValue": true
    },
    "location": {
      "type": "string",
      "defaultValue": ""
    },
    "logAnalyticsWorkspaceResourceID": {
      "type": "string",
      "defaultValue": ""
    },
    "name": {
      "type": "string",
      "defaultValue": ""
    },
    "privateDnsZoneId": {
      "type": "string",
      "defaultValue": ""
    },
    "servicePrincipalId": {
      "type": "securestring",
      "defaultValue": ""
    },
    "servicePrincipalSecret": {
      "type": "securestring",
      "defaultValue": ""
    },
    "tenantId": {
      "type": "securestring",
      "defaultValue": ""
    },
    "userAssignedIdentityId": {
      "type": "string",
      "defaultValue": ""
    },
    "userAssignedIdentityPrincipalId": {
      "type": "string",
      "defaultValue": ""
    },
    "vnetSubnetID": {
      "type": "string",
      "defaultValue": ""
    },
    "serviceCidr": {
      "type": "string"
    },
    "dnsServiceIP": {
      "type": "string"
    },
    "podCidr": {
      "type": "string"
    },
    "tagsByResource": {
      "type": "object",
      "defaultValue": {}
    },
    "nodePool_vmSize": {
      "type": "string",
      "defaultValue": ""
    }
  },
  "variables": {
    "$fxv#0": "#!/usr/bin/env bash\nset -e\n\nAKS_NAME=${AKS_NAME:-''}\nNODE_POOL_RESOURCE_GROUP=${NODE_POOL_RESOURCE_GROUP:-''}\nRESOURCE_GROUP=${RESOURCE_GROUP:-''}\nSERVICE_PRINCIPAL_ID=${SERVICE_PRINCIPAL_ID:=''}\nSERVICE_PRINCIPAL_SECRET=${SERVICE_PRINCIPAL_SECRET:=''}\nSUBSCRIPTION_ID=${SUBSCRIPTION_ID:=''}\nTENANT_ID=${TENANT_ID:=''}\nUSER_ID=${USER_ID:=''}\nUSER_PRINCIPAL_ID=${USER_PRINCIPAL_ID:=''}\n\nif [[ -z \"${AKS_NAME}\" ]]; then\n    echo \"$0: Environment variable AKS_NAME must be specified\"\n    exit 1\nfi\n\nif [[ -z \"${NODE_POOL_RESOURCE_GROUP}\" ]]; then\n    echo \"$0: Environment variable NODE_POOL_RESOURCE_GROUP must be specified\"\n    exit 1\nfi\n\nif [[ -z \"${RESOURCE_GROUP}\" ]]; then\n    echo \"$0: Environment variable RESOURCE_GROUP must be specified\"\n    exit 1\nfi\n\nif [[ -z \"${SERVICE_PRINCIPAL_ID}\" ]]; then\n    echo \"$0: Environment variable SERVICE_PRINCIPAL_ID must be specified\"\n    exit 1\nfi\n\nif [[ -z \"${SERVICE_PRINCIPAL_SECRET}\" ]]; then\n    echo \"$0: Environment variable SERVICE_PRINCIPAL_SECRET must be specified\"\n    exit 1\nfi\n\nif [[ -z \"${SUBSCRIPTION_ID}\" ]]; then\n    echo \"$0: Environment variable SUBSCRIPTION_ID must be specified\"\n    exit 1\nfi\n\nif [[ -z \"${TENANT_ID}\" ]]; then\n    echo \"$0: Environment variable TENANT_ID must be specified\"\n    exit 1\nfi\n\n# Not checking the USER_ID since it can be empty when not deploying in a cross-tenant environment.\n\nif [[ -z \"${USER_PRINCIPAL_ID}\" ]]; then\n    echo \"$0: Environment variable USER_PRINCIPAL_ID must be specified\"\n    exit 1\nfi\n\n# https://docs.microsoft.com/en-us/azure/role-based-access-control/built-in-roles\n#   \"f1a07417-d97a-45cb-824c-7a7467783830\" Managed Identity Operator\n#   \"9980e02c-c2be-4d73-94e8-173b1dc7cf3c\" Virtual Machine Contributor\n# The full id is needed, not just the name.\nROLE_ASSIGNMENTS=(\n    \"/subscriptions/${SUBSCRIPTION_ID}/providers/Microsoft.Authorization/roleDefinitions/f1a07417-d97a-45cb-824c-7a7467783830\"\n    \"/subscriptions/${SUBSCRIPTION_ID}/providers/Microsoft.Authorization/roleDefinitions/9980e02c-c2be-4d73-94e8-173b1dc7cf3c\"\n)\n\n#######################################\n# Execute a command against the private AKS cluster using command invoke.\n# Globals:\n#   RESOURCE_GROUP\n#   AKS_NAME\n# Arguments:\n#   1. CLI command to be executed against AKS cluster.\n#   2. Additional arguments to pass to the 'az aks command invoke'.\n# Outputs:\n#   Output of CMD executed via command invoke.\n#######################################\naz_aks_command() {\n  CMD=$1\n  CMDOPTS=$2\n  # shellcheck disable=SC2086\n  az aks command invoke --resource-group \"${RESOURCE_GROUP}\" --name \"${AKS_NAME}\" --command \"${CMD}\" ${CMDOPTS}\n}\n\n# Note the escaped \\$ to avoid the current bash script from trying to expand a variable that doesn't exist.\ncat << EOF > managedIdentityRoleAssignment.json\n{\n    \"\\$schema\": \"https://schema.management.azure.com/schemas/2019-04-01/deploymentTemplate.json#\",\n    \"contentVersion\": \"1.0.0.0\",\n    \"parameters\": {\n        \"principalId\": {\n            \"type\": \"string\"\n        },\n        \"principalType\": {\n            \"type\": \"string\"\n        },\n        \"roleDefinitionId\": {\n            \"type\": \"string\"\n        },\n        \"scope\": {\n            \"type\": \"string\"\n        },\n        \"delegatedManagedIdentityResourceId\": {\n            \"type\": \"string\"\n        }\n    },\n    \"resources\": [\n        {\n            \"type\": \"Microsoft.Authorization/roleAssignments\",\n            \"apiVersion\": \"2021-04-01-preview\",\n            \"name\": \"[guid(concat(parameters('principalId'),parameters('roleDefinitionId'),parameters('scope')))]\",\n            \"properties\": {\n                \"principalId\": \"[parameters('principalId')]\",\n                \"principalType\": \"[parameters('principalType')]\",\n                \"roleDefinitionId\": \"[parameters('roleDefinitionId')]\",\n                \"scope\": \"[parameters('scope')]\",\n                \"delegatedManagedIdentityResourceId\": \"[if(empty(parameters('delegatedManagedIdentityResourceId')),json('null'),parameters('delegatedManagedIdentityResourceId'))]\"\n            }\n        }\n    ]\n}\nEOF\n\naz login --service-principal --username \"${SERVICE_PRINCIPAL_ID}\" --password \"${SERVICE_PRINCIPAL_SECRET}\" --tenant \"${TENANT_ID}\"\naz account set --subscription \"${SUBSCRIPTION_ID}\"\n\nfor i in \"${!ROLE_ASSIGNMENTS[@]}\"; do\n    az deployment group create --resource-group \"${RESOURCE_GROUP}\" --name \"managedIdentityRoleAssignment${i}\" --template-file managedIdentityRoleAssignment.json --parameters principalId=\"${USER_PRINCIPAL_ID}\" principalType=\"ServicePrincipal\" roleDefinitionId=\"${ROLE_ASSIGNMENTS[$i]}\" scope=\"${NODE_POOL_RESOURCE_GROUP}\" delegatedManagedIdentityResourceId=\"${USER_ID}\"\ndone\n",
    "delegatedManagedIdentityResourceId": "[if(parameters('crossTenantRoleAssignment'), parameters('userAssignedIdentityId'), '')]",
    "managedClusterName": "[format('aks-{0}-{1}', parameters('name'), parameters('location'))]",
    "nodeResourceGroup": "[format('rg-{0}-nodepools-{1}', parameters('name'), parameters('location'))]"
  },
  "resources": [
    {
      "type": "Microsoft.Resources/deployments",
      "apiVersion": "2022-09-01",
      "name": "containerServiceManagedClusterDeploy",
      "properties": {
        "expressionEvaluationOptions": {
          "scope": "inner"
        },
        "mode": "Incremental",
        "parameters": {
          "name": {
            "value": "[variables('managedClusterName')]"
          },
          "location": {
            "value": "[parameters('location')]"
          },
          "nodePool_count": {
            "value": 2
          },
          "nodePool_vmSize": {
            "value": "[parameters('nodePool_vmSize')]"
          },
          "enablePrivateCluster": {
            "value": "[parameters('enablePrivateCluster')]"
          },
          "identity": {
            "value": {
              "type": "UserAssigned",
              "userAssignedIdentities": {
                "[format('{0}', parameters('userAssignedIdentityId'))]": {}
              }
            }
          },
          "logAnalyticsWorkspaceResourceID": {
            "value": "[parameters('logAnalyticsWorkspaceResourceID')]"
          },
          "nodeResourceGroup": {
            "value": "[variables('nodeResourceGroup')]"
          },
          "vnetSubnetID": {
            "value": "[parameters('vnetSubnetID')]"
          },
          "privateDnsZoneId": {
            "value": "[parameters('privateDnsZoneId')]"
          },
          "serviceCidr": {
            "value": "[parameters('serviceCidr')]"
          },
          "dnsServiceIP": {
            "value": "[parameters('dnsServiceIP')]"
          },
          "podCidr": {
            "value": "[parameters('podCidr')]"
          },
          "tagsByResource": {
            "value": "[parameters('tagsByResource')]"
          }
        },
        "template": {
          "$schema": "https://schema.management.azure.com/schemas/2019-04-01/deploymentTemplate.json#",
          "contentVersion": "1.0.0.0",
          "metadata": {
            "_generator": {
              "name": "bicep",
              "version": "0.18.4.5664",
              "templateHash": "4406254447654585106"
            }
          },
          "parameters": {
            "name": {
              "type": "string",
              "defaultValue": ""
            },
            "serviceCidr": {
              "type": "string"
            },
            "dnsServiceIP": {
              "type": "string"
            },
            "podCidr": {
              "type": "string"
            },
            "tagsByResource": {
              "type": "object",
              "defaultValue": {}
            },
            "nodePool_count": {
              "type": "int",
              "defaultValue": 1
            },
            "nodePool_mode": {
              "type": "string",
              "defaultValue": "System",
              "allowedValues": [
                "System",
                "User"
              ]
            },
            "nodePool_vmSize": {
              "type": "string",
              "defaultValue": "Standard_D4s_v3"
            },
            "enablePrivateCluster": {
              "type": "bool",
              "defaultValue": true
            },
            "identity": {
              "type": "object",
              "defaultValue": {
                "type": "SystemAssigned"
              }
            },
            "location": {
              "type": "string",
              "defaultValue": ""
            },
            "logAnalyticsWorkspaceResourceID": {
              "type": "string",
              "defaultValue": ""
            },
            "nodeResourceGroup": {
              "type": "string",
              "defaultValue": ""
            },
            "privateDnsZoneId": {
              "type": "string",
              "defaultValue": ""
            },
            "vnetSubnetID": {
              "type": "string",
              "defaultValue": ""
            }
          },
          "variables": {
            "dnsPrefix": "[parameters('name')]",
            "defaultProperties": {
              "kubernetesVersion": "1.25.5",
              "nodeResourceGroup": "[parameters('nodeResourceGroup')]",
              "enableRBAC": true,
              "dnsPrefix": "[variables('dnsPrefix')]",
              "networkProfile": {
                "serviceCidr": "[parameters('serviceCidr')]",
                "dnsServiceIP": "[parameters('dnsServiceIP')]",
                "podCidr": "[parameters('podCidr')]"
              },
              "agentPoolProfiles": [
                {
                  "name": "agentpool",
                  "count": "[parameters('nodePool_count')]",
                  "type": "VirtualMachineScaleSets",
                  "enableAutoScaling": true,
                  "vmSize": "[parameters('nodePool_vmSize')]",
                  "osType": "Linux",
                  "maxCount": 20,
                  "minCount": 1,
                  "mode": "[parameters('nodePool_mode')]",
                  "vnetSubnetID": "[parameters('vnetSubnetID')]",
                  "kubeletConfig": {
                    "containerLogMaxFiles": 5,
                    "containerLogMaxSizeMB": 500
                  }
                }
              ],
              "apiServerAccessProfile": {
                "enablePrivateCluster": "[parameters('enablePrivateCluster')]",
                "privateDNSZone": "[parameters('privateDnsZoneId')]"
              },
              "storageProfile": {
                "blobCSIDriver": {
                  "enabled": true
                }
              },
              "securityProfile": {
                "workloadIdentity": {
                  "enabled": true
                }
              }
            },
            "addonProfiles": "[if(not(empty(parameters('logAnalyticsWorkspaceResourceID'))), createObject('addonProfiles', createObject('omsagent', createObject('enabled', true(), 'config', createObject('logAnalyticsWorkspaceResourceID', parameters('logAnalyticsWorkspaceResourceID'))))), createObject())]",
            "properties": "[union(variables('defaultProperties'), variables('addonProfiles'))]"
          },
          "resources": [
            {
              "type": "Microsoft.ContainerService/managedClusters",
              "apiVersion": "2022-11-01",
              "name": "[parameters('name')]",
              "location": "[parameters('location')]",
              "identity": "[parameters('identity')]",
              "properties": "[variables('properties')]",
              "tags": "[if(contains(parameters('tagsByResource'), 'Microsoft.ContainerService/managedClusters'), parameters('tagsByResource')['Microsoft.ContainerService/managedClusters'], createObject())]"
            }
          ],
          "outputs": {
            "name": {
              "type": "string",
              "value": "[parameters('name')]"
            }
          }
        }
      }
    },
    {
      "type": "Microsoft.Resources/deployments",
      "apiVersion": "2022-09-01",
      "name": "roleAssignmentsNodePool",
      "properties": {
        "expressionEvaluationOptions": {
          "scope": "inner"
        },
        "mode": "Incremental",
        "parameters": {
          "name": {
            "value": "[format('ds-node-pool-role-assignments-{0}', parameters('location'))]"
          },
          "location": {
            "value": "[parameters('location')]"
          },
          "scriptContent": {
            "value": "[variables('$fxv#0')]"
          },
          "userAssignedIdentityId": {
            "value": "[parameters('userAssignedIdentityId')]"
          },
          "environmentVariables": {
            "value": [
              {
                "name": "AKS_NAME",
                "value": "[variables('managedClusterName')]"
              },
              {
                "name": "NODE_POOL_RESOURCE_GROUP",
                "value": "[subscriptionResourceId('Microsoft.Resources/resourceGroups', variables('nodeResourceGroup'))]"
              },
              {
                "name": "RESOURCE_GROUP",
                "value": "[variables('nodeResourceGroup')]"
              },
              {
                "name": "USER_ID",
                "value": "[variables('delegatedManagedIdentityResourceId')]"
              },
              {
                "name": "USER_PRINCIPAL_ID",
                "value": "[parameters('userAssignedIdentityPrincipalId')]"
              },
              {
                "name": "SUBSCRIPTION_ID",
                "value": "[subscription().subscriptionId]"
              }
            ]
          },
          "servicePrincipalId": {
            "value": "[parameters('servicePrincipalId')]"
          },
          "servicePrincipalSecret": {
            "value": "[parameters('servicePrincipalSecret')]"
          },
          "tenantId": {
            "value": "[parameters('tenantId')]"
          },
          "tagsByResource": {
            "value": "[parameters('tagsByResource')]"
          }
        },
        "template": {
          "$schema": "https://schema.management.azure.com/schemas/2019-04-01/deploymentTemplate.json#",
          "contentVersion": "1.0.0.0",
          "metadata": {
            "_generator": {
              "name": "bicep",
              "version": "0.18.4.5664",
              "templateHash": "3001068398413510809"
            }
          },
          "parameters": {
            "arguments": {
              "type": "string",
              "defaultValue": ""
            },
            "azCliVersion": {
              "type": "string",
              "defaultValue": "2.40.0"
            },
            "azureFunctionAPIKey": {
              "type": "securestring",
              "defaultValue": ""
            },
            "cleanupPreference": {
              "type": "string",
              "defaultValue": "Always",
              "allowedValues": [
                "Always",
                "OnExpiration",
                "OnSuccess"
              ]
            },
            "environmentVariables": {
              "type": "array",
              "defaultValue": []
            },
            "location": {
              "type": "string",
              "defaultValue": ""
            },
            "name": {
              "type": "string",
              "defaultValue": ""
            },
            "registryPassword": {
              "type": "securestring",
              "defaultValue": ""
            },
            "registryUsername": {
              "type": "securestring",
              "defaultValue": ""
            },
            "retentionInterval": {
              "type": "string",
              "defaultValue": "P1D"
            },
            "scriptContent": {
              "type": "string",
              "defaultValue": ""
            },
            "servicePrincipalId": {
              "type": "securestring",
              "defaultValue": ""
            },
            "servicePrincipalSecret": {
              "type": "securestring",
              "defaultValue": ""
            },
            "tenantId": {
              "type": "securestring",
              "defaultValue": ""
            },
            "userAssignedIdentityId": {
              "type": "string",
              "defaultValue": ""
            },
            "tagsByResource": {
              "type": "object",
              "defaultValue": {}
            }
          },
          "variables": {
            "registrySecureValues": "[if(and(not(empty(parameters('registryPassword'))), not(empty(parameters('registryUsername')))), createArray(createObject('name', 'REGISTRY_PASSWORD', 'secureValue', parameters('registryPassword')), createObject('name', 'REGISTRY_USERNAME', 'secureValue', parameters('registryUsername'))), createArray())]",
            "azureFunctionAPIKeySecureValues": "[if(not(empty(parameters('azureFunctionAPIKey'))), createArray(createObject('name', 'AZURE_FUNCTION_API_KEY', 'secureValue', parameters('azureFunctionAPIKey'))), createArray())]",
            "servicePrincipalSecureValues": "[if(and(and(not(empty(parameters('servicePrincipalId'))), not(empty(parameters('servicePrincipalSecret')))), not(empty(parameters('tenantId')))), createArray(createObject('name', 'SERVICE_PRINCIPAL_ID', 'secureValue', parameters('servicePrincipalId')), createObject('name', 'SERVICE_PRINCIPAL_SECRET', 'secureValue', parameters('servicePrincipalSecret')), createObject('name', 'TENANT_ID', 'secureValue', parameters('tenantId'))), createArray())]",
            "combinedEnvironmentVariablesAndSecureValues": "[union(parameters('environmentVariables'), variables('registrySecureValues'), variables('azureFunctionAPIKeySecureValues'), variables('servicePrincipalSecureValues'))]"
          },
          "resources": [
            {
              "type": "Microsoft.Resources/deploymentScripts",
              "apiVersion": "2020-10-01",
              "name": "[parameters('name')]",
              "location": "[parameters('location')]",
              "kind": "AzureCLI",
              "tags": "[if(contains(parameters('tagsByResource'), 'Microsoft.Resources/deploymentScripts'), parameters('tagsByResource')['Microsoft.Resources/deploymentScripts'], createObject())]",
              "identity": {
                "type": "UserAssigned",
                "userAssignedIdentities": {
                  "[format('{0}', parameters('userAssignedIdentityId'))]": {}
                }
              },
              "properties": {
                "azCliVersion": "[parameters('azCliVersion')]",
                "cleanupPreference": "[parameters('cleanupPreference')]",
                "retentionInterval": "[parameters('retentionInterval')]",
                "scriptContent": "[parameters('scriptContent')]",
                "arguments": "[parameters('arguments')]",
                "environmentVariables": "[variables('combinedEnvironmentVariablesAndSecureValues')]"
              }
            }
          ],
          "outputs": {
            "data": {
              "type": "object",
              "value": "[if(contains(reference(resourceId('Microsoft.Resources/deploymentScripts', parameters('name')), '2020-10-01'), 'outputs'), reference(resourceId('Microsoft.Resources/deploymentScripts', parameters('name')), '2020-10-01').outputs, createObject())]"
            }
          }
        }
      },
      "dependsOn": [
        "[resourceId('Microsoft.Resources/deployments', 'containerServiceManagedClusterDeploy')]"
      ]
    }
  ],
  "outputs": {
    "name": {
      "type": "string",
      "value": "[reference(resourceId('Microsoft.Resources/deployments', 'containerServiceManagedClusterDeploy'), '2022-09-01').outputs.name.value]"
    },
    "nodeResourceGroup": {
      "type": "string",
      "value": "[variables('nodeResourceGroup')]"
    }
  }
}