{
  "$schema": "https://schema.management.azure.com/schemas/2019-04-01/deploymentTemplate.json#",
  "contentVersion": "1.0.0.0",
  "metadata": {
    "_generator": {
      "name": "bicep",
      "version": "0.18.4.5664",
      "templateHash": "2352634760248253675"
    }
  },
  "parameters": {
    "name": {
      "type": "string",
      "defaultValue": ""
    },
    "location": {
      "type": "string",
      "defaultValue": ""
    },
    "vnetConfig": {
      "type": "object"
    },
    "tagsByResource": {
      "type": "object",
      "defaultValue": {}
    }
  },
  "variables": {
    "addressPrefixes": "[parameters('vnetConfig').addressPrefixes]",
    "virtualNetworkName": "[format('vnet-{0}-{1}', parameters('name'), parameters('location'))]",
    "subnets": [
      {
        "name": "[format('snet-{0}-{1}-postgres', parameters('name'), parameters('location'))]",
        "properties": {
          "addressPrefix": "[parameters('vnetConfig').subnets.postgres.addressPrefix]",
          "delegations": [
            {
              "name": "Microsoft.DBforPostgreSQL/flexibleServers",
              "properties": {
                "serviceName": "Microsoft.DBforPostgreSQL/flexibleServers"
              }
            }
          ]
        }
      },
      {
        "name": "[format('snet-{0}-{1}-aks', parameters('name'), parameters('location'))]",
        "properties": {
          "addressPrefix": "[parameters('vnetConfig').subnets.aks.addressPrefix]"
        }
      },
      {
        "name": "[format('snet-{0}-{1}-plink', parameters('name'), parameters('location'))]",
        "properties": {
          "addressPrefix": "[parameters('vnetConfig').subnets.plink.addressPrefix]",
          "privateEndpointNetworkPolicies": "Disabled"
        }
      },
      {
        "name": "[format('snet-{0}-{1}-appgw', parameters('name'), parameters('location'))]",
        "properties": {
          "addressPrefix": "[parameters('vnetConfig').subnets.appgw.addressPrefix]"
        }
      }
    ]
  },
  "resources": [
    {
      "type": "Microsoft.Resources/deployments",
      "apiVersion": "2022-09-01",
      "name": "virtualNetworkDeploy",
      "properties": {
        "expressionEvaluationOptions": {
          "scope": "inner"
        },
        "mode": "Incremental",
        "parameters": {
          "addressPrefixes": {
            "value": "[variables('addressPrefixes')]"
          },
          "name": {
            "value": "[variables('virtualNetworkName')]"
          },
          "location": {
            "value": "[parameters('location')]"
          },
          "subnets": {
            "value": "[variables('subnets')]"
          },
          "tagsByResource": {
            "value": "[parameters('tagsByResource')]"
          }
        },
        "template": {
          "$schema": "https://schema.management.azure.com/schemas/2019-04-01/deploymentTemplate.json#",
          "contentVersion": "1.0.0.0",
          "metadata": {
            "_generator": {
              "name": "bicep",
              "version": "0.18.4.5664",
              "templateHash": "18280696143925788128"
            }
          },
          "parameters": {
            "name": {
              "type": "string",
              "defaultValue": ""
            },
            "location": {
              "type": "string",
              "defaultValue": ""
            },
            "addressPrefixes": {
              "type": "array",
              "defaultValue": []
            },
            "subnets": {
              "type": "array",
              "defaultValue": []
            },
            "tagsByResource": {
              "type": "object",
              "defaultValue": {}
            }
          },
          "resources": [
            {
              "type": "Microsoft.Network/virtualNetworks",
              "apiVersion": "2021-05-01",
              "name": "[parameters('name')]",
              "location": "[parameters('location')]",
              "tags": "[if(contains(parameters('tagsByResource'), 'Microsoft.Network/virtualNetworks'), parameters('tagsByResource')['Microsoft.Network/virtualNetworks'], createObject())]",
              "properties": {
                "copy": [
                  {
                    "name": "subnets",
                    "count": "[length(parameters('subnets'))]",
                    "input": {
                      "name": "[parameters('subnets')[copyIndex('subnets')].name]",
                      "properties": "[parameters('subnets')[copyIndex('subnets')].properties]"
                    }
                  }
                ],
                "addressSpace": {
                  "addressPrefixes": "[parameters('addressPrefixes')]"
                }
              }
            }
          ],
          "outputs": {
            "id": {
              "type": "string",
              "value": "[resourceId('Microsoft.Network/virtualNetworks', parameters('name'))]"
            },
            "name": {
              "type": "string",
              "value": "[parameters('name')]"
            },
            "subnets": {
              "type": "array",
              "copy": {
                "count": "[length(parameters('subnets'))]",
                "input": {
                  "id": "[reference(resourceId('Microsoft.Network/virtualNetworks', parameters('name')), '2021-05-01').subnets[copyIndex()].id]",
                  "name": "[reference(resourceId('Microsoft.Network/virtualNetworks', parameters('name')), '2021-05-01').subnets[copyIndex()].name]",
                  "addressPrefix": "[reference(resourceId('Microsoft.Network/virtualNetworks', parameters('name')), '2021-05-01').subnets[copyIndex()].properties.addressPrefix]"
                }
              }
            }
          }
        }
      }
    }
  ],
  "outputs": {
    "id": {
      "type": "string",
      "value": "[reference(resourceId('Microsoft.Resources/deployments', 'virtualNetworkDeploy'), '2022-09-01').outputs.id.value]"
    },
    "name": {
      "type": "string",
      "value": "[reference(resourceId('Microsoft.Resources/deployments', 'virtualNetworkDeploy'), '2022-09-01').outputs.name.value]"
    },
    "psqlSubnetId": {
      "type": "string",
      "value": "[reference(resourceId('Microsoft.Resources/deployments', 'virtualNetworkDeploy'), '2022-09-01').outputs.subnets.value[0].id]"
    },
    "aksSubnetId": {
      "type": "string",
      "value": "[reference(resourceId('Microsoft.Resources/deployments', 'virtualNetworkDeploy'), '2022-09-01').outputs.subnets.value[1].id]"
    },
    "aksSubnetName": {
      "type": "string",
      "value": "[reference(resourceId('Microsoft.Resources/deployments', 'virtualNetworkDeploy'), '2022-09-01').outputs.subnets.value[1].name]"
    },
    "plinkSubnetId": {
      "type": "string",
      "value": "[reference(resourceId('Microsoft.Resources/deployments', 'virtualNetworkDeploy'), '2022-09-01').outputs.subnets.value[2].id]"
    },
    "appgwSubnetCIDR": {
      "type": "string",
      "value": "[reference(resourceId('Microsoft.Resources/deployments', 'virtualNetworkDeploy'), '2022-09-01').outputs.subnets.value[3].addressPrefix]"
    },
    "appgwSubnetId": {
      "type": "string",
      "value": "[reference(resourceId('Microsoft.Resources/deployments', 'virtualNetworkDeploy'), '2022-09-01').outputs.subnets.value[3].id]"
    },
    "appgwSubnetName": {
      "type": "string",
      "value": "[reference(resourceId('Microsoft.Resources/deployments', 'virtualNetworkDeploy'), '2022-09-01').outputs.subnets.value[3].name]"
    }
  }
}