{
  "name": {
    "value": "[parameters('aapName')]"
  },
  "keyVaultName": {
    "value": "[parameters('keyVaultName')]"
  },
  "privateDnsZoneId": {
    "value": "[reference(resourceId('Microsoft.Resources/deployments', 'Private__DNS'), '2022-09-01').outputs.psqlDnsZoneId.value]"
  },
  "subnetId": {
    "value": "[reference(resourceId('Microsoft.Resources/deployments', 'VNET__and__Subnets'), '2022-09-01').outputs.psqlSubnetId.value]"
  },
  "location": {
    "value": "[parameters('location')]"
  },
  "tagsByResource": {
    "value": "[parameters('tagsByResource')]"
  }
}