{
  "$schema": "https://schema.management.azure.com/schemas/2019-04-01/deploymentTemplate.json#",
  "contentVersion": "1.0.0.0",
  "metadata": {
    "_generator": {
      "name": "bicep",
      "version": "0.18.4.5664",
      "templateHash": "11721308514805296884"
    }
  },
  "parameters": {
    "keyVaultName": {
      "type": "string",
      "defaultValue": ""
    },
    "name": {
      "type": "string",
      "defaultValue": ""
    },
    "storageSizeGB": {
      "type": "int",
      "defaultValue": 512
    },
    "subnetId": {
      "type": "string",
      "defaultValue": ""
    },
    "privateDnsZoneId": {
      "type": "string",
      "defaultValue": ""
    },
    "location": {
      "type": "string",
      "defaultValue": ""
    },
    "tagsByResource": {
      "type": "object",
      "defaultValue": {}
    }
  },
  "variables": {
    "dbhost": "[format('psql-{0}-{1}', parameters('name'), parameters('location'))]",
    "databaseNames": [
      "awx",
      "billing",
      "keycloak",
      "pulp"
    ]
  },
  "resources": [
    {
      "type": "Microsoft.Resources/deployments",
      "apiVersion": "2022-09-01",
      "name": "databaseFlexServerServerDeploy",
      "properties": {
        "expressionEvaluationOptions": {
          "scope": "inner"
        },
        "mode": "Incremental",
        "parameters": {
          "administratorLogin": {
            "reference": {
              "keyVault": {
                "id": "[resourceId('Microsoft.KeyVault/vaults', parameters('keyVaultName'))]"
              },
              "secretName": "psql-admin-user"
            }
          },
          "administratorLoginPassword": {
            "reference": {
              "keyVault": {
                "id": "[resourceId('Microsoft.KeyVault/vaults', parameters('keyVaultName'))]"
              },
              "secretName": "psql-admin-pass"
            }
          },
          "name": {
            "value": "[variables('dbhost')]"
          },
          "location": {
            "value": "[parameters('location')]"
          },
          "storageSizeGB": {
            "value": "[parameters('storageSizeGB')]"
          },
          "tagsByResource": {
            "value": "[parameters('tagsByResource')]"
          },
          "network": {
            "value": {
              "delegatedSubnetResourceId": "[parameters('subnetId')]",
              "privateDnsZoneArmResourceId": "[parameters('privateDnsZoneId')]"
            }
          }
        },
        "template": {
          "$schema": "https://schema.management.azure.com/schemas/2019-04-01/deploymentTemplate.json#",
          "contentVersion": "1.0.0.0",
          "metadata": {
            "_generator": {
              "name": "bicep",
              "version": "0.18.4.5664",
              "templateHash": "7265336287958388379"
            }
          },
          "parameters": {
            "name": {
              "type": "string",
              "defaultValue": ""
            },
            "location": {
              "type": "string",
              "defaultValue": ""
            },
            "administratorLogin": {
              "type": "securestring",
              "defaultValue": ""
            },
            "administratorLoginPassword": {
              "type": "securestring",
              "defaultValue": ""
            },
            "storageSizeGB": {
              "type": "int",
              "defaultValue": 32,
              "allowedValues": [
                32,
                64,
                128,
                256,
                512,
                1024,
                2048,
                8192,
                16384
              ]
            },
            "version": {
              "type": "string",
              "defaultValue": "13",
              "allowedValues": [
                "11",
                "12",
                "13"
              ]
            },
            "sku_name": {
              "type": "string",
              "defaultValue": "Standard_D2s_v3"
            },
            "sku_tier": {
              "type": "string",
              "defaultValue": "GeneralPurpose",
              "allowedValues": [
                "Burstable",
                "GeneralPurpose",
                "MemoryOptimized"
              ]
            },
            "network": {
              "type": "object",
              "defaultValue": {}
            },
            "tagsByResource": {
              "type": "object",
              "defaultValue": {}
            }
          },
          "resources": [
            {
              "type": "Microsoft.DBforPostgreSQL/flexibleServers/configurations",
              "apiVersion": "2022-12-01",
              "name": "[format('{0}/{1}', parameters('name'), 'azure.extensions')]",
              "properties": {
                "source": "user-override",
                "value": "hstore"
              },
              "dependsOn": [
                "[resourceId('Microsoft.DBforPostgreSQL/flexibleServers', parameters('name'))]"
              ]
            },
            {
              "type": "Microsoft.DBforPostgreSQL/flexibleServers",
              "apiVersion": "2022-12-01",
              "name": "[parameters('name')]",
              "location": "[parameters('location')]",
              "tags": "[if(contains(parameters('tagsByResource'), 'Microsoft.DBforPostgreSQL/flexibleServers'), parameters('tagsByResource')['Microsoft.DBforPostgreSQL/flexibleServers'], createObject())]",
              "properties": {
                "administratorLogin": "[parameters('administratorLogin')]",
                "administratorLoginPassword": "[parameters('administratorLoginPassword')]",
                "maintenanceWindow": {
                  "customWindow": "Enabled",
                  "dayOfWeek": 2,
                  "startHour": 7,
                  "startMinute": 0
                },
                "storage": {
                  "storageSizeGB": "[parameters('storageSizeGB')]"
                },
                "version": "[parameters('version')]",
                "network": "[parameters('network')]"
              },
              "sku": {
                "name": "[parameters('sku_name')]",
                "tier": "[parameters('sku_tier')]"
              }
            }
          ],
          "outputs": {
            "name": {
              "type": "string",
              "value": "[parameters('name')]"
            }
          }
        }
      }
    },
    {
      "copy": {
        "name": "database",
        "count": "[length(variables('databaseNames'))]"
      },
      "type": "Microsoft.Resources/deployments",
      "apiVersion": "2022-09-01",
      "name": "[format('{0}DatabaseDeploy', variables('databaseNames')[copyIndex()])]",
      "properties": {
        "expressionEvaluationOptions": {
          "scope": "inner"
        },
        "mode": "Incremental",
        "parameters": {
          "name": {
            "value": "[variables('databaseNames')[copyIndex()]]"
          },
          "parent": {
            "value": "[reference(resourceId('Microsoft.Resources/deployments', 'databaseFlexServerServerDeploy'), '2022-09-01').outputs.name.value]"
          }
        },
        "template": {
          "$schema": "https://schema.management.azure.com/schemas/2019-04-01/deploymentTemplate.json#",
          "contentVersion": "1.0.0.0",
          "metadata": {
            "_generator": {
              "name": "bicep",
              "version": "0.18.4.5664",
              "templateHash": "3469073603837047479"
            }
          },
          "parameters": {
            "name": {
              "type": "string",
              "defaultValue": ""
            },
            "parent": {
              "type": "string",
              "defaultValue": ""
            },
            "charset": {
              "type": "string",
              "defaultValue": "utf8"
            },
            "collation": {
              "type": "string",
              "defaultValue": "en_US.utf8"
            }
          },
          "resources": [
            {
              "type": "Microsoft.DBforPostgreSQL/flexibleServers/databases",
              "apiVersion": "2021-06-01",
              "name": "[format('{0}/{1}', parameters('parent'), parameters('name'))]",
              "properties": {
                "charset": "[parameters('charset')]",
                "collation": "[parameters('collation')]"
              }
            }
          ]
        }
      },
      "dependsOn": [
        "[resourceId('Microsoft.Resources/deployments', 'databaseFlexServerServerDeploy')]"
      ]
    }
  ],
  "outputs": {
    "name": {
      "type": "string",
      "value": "[reference(resourceId('Microsoft.Resources/deployments', 'databaseFlexServerServerDeploy'), '2022-09-01').outputs.name.value]"
    }
  }
}